/opt/chickenbro-runtime/lib/python3.12/site-packages/fastapi/testclient.py:1: StarletteDeprecationWarning: Using `httpx` with `starlette.testclient` is deprecated; install `httpx2` instead.
  from starlette.testclient import TestClient as TestClient  # noqa
test_missing_and_invalid_context_never_write_identity_or_secrets (tests.app_chickenbro_agent_skills_test.ChickenbroJobRunIdentityTest.test_missing_and_invalid_context_never_write_identity_or_secrets) ... ok
test_stream_binds_before_spawning_runtime_and_fails_closed_on_write_error (tests.app_chickenbro_agent_skills_test.ChickenbroJobRunIdentityTest.test_stream_binds_before_spawning_runtime_and_fails_closed_on_write_error) ... codex_internal_stage {"code": "CODEX_UNAVAILABLE", "elapsed_ms": 0, "failure_site": "codex_adapter.py:234", "run_id": "12345678-1234-1234-1234-123456789abc", "stage": "stream_failed"}
ok
test_two_jobs_bind_only_their_distinct_server_run_uuid (tests.app_chickenbro_agent_skills_test.ChickenbroJobRunIdentityTest.test_two_jobs_bind_only_their_distinct_server_run_uuid) ... ok
test_all_names_return_exact_utf8_content_and_raw_byte_digest (tests.app_chickenbro_agent_skills_test.ChickenbroSkillLoaderTest.test_all_names_return_exact_utf8_content_and_raw_byte_digest) ... ok
test_directory_cannot_be_read_as_skill (tests.app_chickenbro_agent_skills_test.ChickenbroSkillLoaderTest.test_directory_cannot_be_read_as_skill) ... ok
test_invalid_arguments_are_rejected_without_echoing_input (tests.app_chickenbro_agent_skills_test.ChickenbroSkillLoaderTest.test_invalid_arguments_are_rejected_without_echoing_input) ... ok
test_missing_empty_invalid_utf8_and_oversized_files_fail_safely (tests.app_chickenbro_agent_skills_test.ChickenbroSkillLoaderTest.test_missing_empty_invalid_utf8_and_oversized_files_fail_safely) ... ok
test_observation_audits_only_valid_skill_identity_and_digest (tests.app_chickenbro_agent_skills_test.ChickenbroSkillLoaderTest.test_observation_audits_only_valid_skill_identity_and_digest) ... ok
test_read_failure_never_leaks_exception_path (tests.app_chickenbro_agent_skills_test.ChickenbroSkillLoaderTest.test_read_failure_never_leaks_exception_path) ... ok
test_symlink_file_and_directory_are_rejected (tests.app_chickenbro_agent_skills_test.ChickenbroSkillLoaderTest.test_symlink_file_and_directory_are_rejected) ... ok
test_windows_directory_junction_cannot_redirect_release_content (tests.app_chickenbro_agent_skills_test.ChickenbroSkillLoaderTest.test_windows_directory_junction_cannot_redirect_release_content) ... skipped 'Windows junction check'
test_tool_advertises_only_four_fixed_names (tests.app_chickenbro_agent_skills_test.ChickenbroSkillToolTest.test_tool_advertises_only_four_fixed_names) ... ok
test_actual_core_rules_load_and_fit_with_both_newline_formats (tests.app_chickenbro_agent_skills_test.PackagedChickenbroSkillTest.test_actual_core_rules_load_and_fit_with_both_newline_formats) ... ok
test_actual_release_workflows_are_loadable_with_newline_headroom (tests.app_chickenbro_agent_skills_test.PackagedChickenbroSkillTest.test_actual_release_workflows_are_loadable_with_newline_headroom) ... ok
test_database_history_cutoff_is_reported_even_when_rows_deduplicate (tests.app_generic_evidence_test.GenericEvidenceTest.test_database_history_cutoff_is_reported_even_when_rows_deduplicate) ... ok
test_event_field_omission_is_explicit_even_when_page_and_sample_fit (tests.app_generic_evidence_test.GenericEvidenceTest.test_event_field_omission_is_explicit_even_when_page_and_sample_fit) ... ok
test_event_samples_keep_filters_pagination_and_exact_window_identity (tests.app_generic_evidence_test.GenericEvidenceTest.test_event_samples_keep_filters_pagination_and_exact_window_identity) ... ok
test_full_view_tables_remain_whole_fight_despite_event_window (tests.app_generic_evidence_test.GenericEvidenceTest.test_full_view_tables_remain_whole_fight_despite_event_window) ... ok
test_healing_whole_fight_and_distinct_windows_survive_deduplication (tests.app_generic_evidence_test.GenericEvidenceTest.test_healing_whole_fight_and_distinct_windows_survive_deduplication) ... ok
test_large_gear_and_talents_preserve_actor_stats (tests.app_generic_evidence_test.GenericEvidenceTest.test_large_gear_and_talents_preserve_actor_stats) ... ok
test_large_recent_tables_leave_room_for_other_views_and_total_bound (tests.app_generic_evidence_test.GenericEvidenceTest.test_large_recent_tables_leave_room_for_other_views_and_total_bound) ... ok
test_legacy_event_page_without_data_type_keeps_calls_separate (tests.app_generic_evidence_test.GenericEvidenceTest.test_legacy_event_page_without_data_type_keeps_calls_separate) ... ok
test_missing_legacy_scope_does_not_dedup_unknown_filters (tests.app_generic_evidence_test.GenericEvidenceTest.test_missing_legacy_scope_does_not_dedup_unknown_filters) ... ok
test_overview_casts_damage_without_player_stats_are_reused (tests.app_generic_evidence_test.GenericEvidenceTest.test_overview_casts_damage_without_player_stats_are_reused) ... ok
test_partial_newer_query_does_not_hide_complete_older_query (tests.app_generic_evidence_test.GenericEvidenceTest.test_partial_newer_query_does_not_hide_complete_older_query) ... ok
test_partial_statistics_keep_known_values_and_completeness (tests.app_generic_evidence_test.GenericEvidenceTest.test_partial_statistics_keep_known_values_and_completeness) ... ok
test_request_filters_distinguish_legacy_event_facts_and_batch_members (tests.app_generic_evidence_test.GenericEvidenceTest.test_request_filters_distinguish_legacy_event_facts_and_batch_members) ... ok
test_assistant_antecedent_immediately_before_recent_window_is_preserved (tests.app_research_context_test.ContextTest.test_assistant_antecedent_immediately_before_recent_window_is_preserved) ... ok
test_assistant_instructions_never_promoted_to_user_constraints (tests.app_research_context_test.ContextTest.test_assistant_instructions_never_promoted_to_user_constraints) ... ok
test_large_context_is_bounded_explicit_and_preserves_first_and_latest_old_request (tests.app_research_context_test.ContextTest.test_large_context_is_bounded_explicit_and_preserves_first_and_latest_old_request) ... ok
test_new_research_drops_old_constraints_but_quoted_command_does_not (tests.app_research_context_test.ContextTest.test_new_research_drops_old_constraints_but_quoted_command_does_not) ... ok
test_original_constraints_and_later_correction_survive_recent_history_cutoff (tests.app_research_context_test.ContextTest.test_original_constraints_and_later_correction_survive_recent_history_cutoff) ... ok
test_prior_assistant_choices_retained_as_data_for_user_selection (tests.app_research_context_test.ContextTest.test_prior_assistant_choices_retained_as_data_for_user_selection) ... ok
test_remaining_scope_is_cumulative_but_execution_usage_is_per_run (tests.app_research_status_test.ResearchStatusTest.test_remaining_scope_is_cumulative_but_execution_usage_is_per_run) ... ok
test_benefit_requires_comparison_and_pair_scope (tests.app_simulation_grounding_test.SimulationGroundingTest.test_benefit_requires_comparison_and_pair_scope) ... ok
test_chinese_metrics_without_spaces_are_checked (tests.app_simulation_grounding_test.SimulationGroundingTest.test_chinese_metrics_without_spaces_are_checked) ... ok
test_collection_is_compact_and_ignores_non_simc_packets (tests.app_simulation_grounding_test.SimulationGroundingTest.test_collection_is_compact_and_ignores_non_simc_packets) ... ok
test_completion_requires_succeeded_returned_job (tests.app_simulation_grounding_test.SimulationGroundingTest.test_completion_requires_succeeded_returned_job) ... ok
test_corrupt_or_pending_metrics_do_not_authorize_completion (tests.app_simulation_grounding_test.SimulationGroundingTest.test_corrupt_or_pending_metrics_do_not_authorize_completion) ... ok
test_english_metrics_and_completion_before_subject (tests.app_simulation_grounding_test.SimulationGroundingTest.test_english_metrics_and_completion_before_subject) ... ok
test_gateway_collects_only_returned_owner_results_and_copies (tests.app_simulation_grounding_test.SimulationGroundingTest.test_gateway_collects_only_returned_owner_results_and_copies) ... ok
test_metric_bound_to_named_job_not_any_matching_number (tests.app_simulation_grounding_test.SimulationGroundingTest.test_metric_bound_to_named_job_not_any_matching_number) ... ok
test_non_claims_are_not_rejected (tests.app_simulation_grounding_test.SimulationGroundingTest.test_non_claims_are_not_rejected) ... ok
test_unrelated_log_metrics_and_research_completion_are_not_simulation_claims (tests.app_simulation_grounding_test.SimulationGroundingTest.test_unrelated_log_metrics_and_research_completion_are_not_simulation_claims) ... ok
test_wait_condition_and_request_are_not_completion_assertions (tests.app_simulation_grounding_test.SimulationGroundingTest.test_wait_condition_and_request_are_not_completion_assertions) ... ok
test_partial_history_is_not_promoted_by_verified_wrapper (tests.app_research_grounding_integration_test.IntegrationTest.test_partial_history_is_not_promoted_by_verified_wrapper) ... ok
test_simulation_context_survives_large_wcl_repair_projection (tests.app_research_grounding_integration_test.IntegrationTest.test_simulation_context_survives_large_wcl_repair_projection) ... ok
test_simulation_unobserved_completion_repaired_before_delivery_and_evidence_revoked (tests.app_research_grounding_integration_test.IntegrationTest.test_simulation_unobserved_completion_repaired_before_delivery_and_evidence_revoked) ... ok
test_default_remains_original_three (tests.chickenbro_semantics_evaluator_test.LegacyResearchSelectionTests.test_default_remains_original_three) ... ok
test_explicit_multi_turn_case_rejected (tests.chickenbro_semantics_evaluator_test.LegacyResearchSelectionTests.test_explicit_multi_turn_case_rejected) ... ok
test_explicit_new_single_turn_case_allowed (tests.chickenbro_semantics_evaluator_test.LegacyResearchSelectionTests.test_explicit_new_single_turn_case_allowed) ... ok
test_corpus_validation_never_claims_semantic_pass (tests.chickenbro_semantics_evaluator_test.SemanticsEvaluationTests.test_corpus_validation_never_claims_semantic_pass) ... ok
test_failed_execution_and_missing_identity_cannot_pass (tests.chickenbro_semantics_evaluator_test.SemanticsEvaluationTests.test_failed_execution_and_missing_identity_cannot_pass) ... ok
test_human_failure_is_preserved (tests.chickenbro_semantics_evaluator_test.SemanticsEvaluationTests.test_human_failure_is_preserved) ... ok
test_human_review_must_cover_every_rubric_item (tests.chickenbro_semantics_evaluator_test.SemanticsEvaluationTests.test_human_review_must_cover_every_rubric_item) ... ok
test_missing_trace_turn_cannot_pass_even_with_review (tests.chickenbro_semantics_evaluator_test.SemanticsEvaluationTests.test_missing_trace_turn_cannot_pass_even_with_review) ... ok
test_successful_runtime_without_human_review_stays_unknown (tests.chickenbro_semantics_evaluator_test.SemanticsEvaluationTests.test_successful_runtime_without_human_review_stays_unknown) ... ok
test_unrun_cases_are_visible_in_summary (tests.chickenbro_semantics_evaluator_test.SemanticsEvaluationTests.test_unrun_cases_are_visible_in_summary) ... ok
test_all_local_rejections_are_free (tests.app_research_completion_test.ResearchCompletionTest.test_all_local_rejections_are_free) ... ok
test_ended_scope_reuse_does_not_expand (tests.app_research_completion_test.ResearchCompletionTest.test_ended_scope_reuse_does_not_expand) ... ok
test_healing_aggregate_does_not_spend_event_rows (tests.app_research_completion_test.ResearchCompletionTest.test_healing_aggregate_does_not_spend_event_rows) ... ok
test_history_reserves_scope_without_spending_calls (tests.app_research_completion_test.ResearchCompletionTest.test_history_reserves_scope_without_spending_calls) ... ok
test_local_invalid_wcl_options_do_not_spend_budget (tests.app_research_completion_test.ResearchCompletionTest.test_local_invalid_wcl_options_do_not_spend_budget) ... ok
test_report_actor_and_character_are_one_player (tests.app_research_completion_test.ResearchCompletionTest.test_report_actor_and_character_are_one_player) ... ok
test_projection_does_not_turn_failed_or_partial_data_into_verified (tests.app_research_evidence_test.EvidenceTest.test_projection_does_not_turn_failed_or_partial_data_into_verified) ... ok
test_projection_recovers_actor_stats_without_event_dump (tests.app_research_evidence_test.EvidenceTest.test_projection_recovers_actor_stats_without_event_dump) ... ok
test_three_healing_tables_preserve_three_prior_stat_records (tests.app_research_evidence_test.EvidenceTest.test_three_healing_tables_preserve_three_prior_stat_records) ... ok
test_only_nonnegative_numeric_provider_usage_is_retained (tests.app_research_usage_test.UsageTest.test_only_nonnegative_numeric_provider_usage_is_retained) ... ok
test_aggregate_pairs_totals_without_double_counting_children (tests.app_wcl_healing_test.HealingTest.test_aggregate_pairs_totals_without_double_counting_children) ... ok
test_compatibility_maps_old_overview_healing_to_aggregate (tests.app_wcl_healing_test.HealingTest.test_compatibility_maps_old_overview_healing_to_aggregate) ... ok
test_healing_read_has_no_events_and_reaches_gateway_fact (tests.app_wcl_healing_test.HealingTest.test_healing_read_has_no_events_and_reaches_gateway_fact) ... ok
test_missing_or_different_aggregate_coverage_is_not_complete (tests.app_wcl_healing_test.HealingTest.test_missing_or_different_aggregate_coverage_is_not_complete) ... ok
test_duplicate_raw_and_per_spell_underflow_are_incomplete (tests.app_wcl_healing_test.InvalidHealingPairsTest.test_duplicate_raw_and_per_spell_underflow_are_incomplete) ... ok
test_signed_upstream_adjustments_are_not_overheal (tests.app_wcl_healing_test.InvalidHealingPairsTest.test_signed_upstream_adjustments_are_not_overheal) ... ok
test_batch_cannot_expand_past_three_fights (tests.app_research_budget_test.ResearchBudgetTest.test_batch_cannot_expand_past_three_fights) ... ok
test_batch_is_reserved_atomically (tests.app_research_budget_test.ResearchBudgetTest.test_batch_is_reserved_atomically) ... ok
test_catalog_does_not_count_as_player_sampling (tests.app_research_budget_test.ResearchBudgetTest.test_catalog_does_not_count_as_player_sampling) ... ok
test_event_pagination_has_total_work_bound (tests.app_research_budget_test.ResearchBudgetTest.test_event_pagination_has_total_work_bound) ... ok
test_expired_research_time_stops_new_source_work (tests.app_research_budget_test.ResearchBudgetTest.test_expired_research_time_stops_new_source_work) ... ok
test_failed_samples_still_consume_slots (tests.app_research_budget_test.ResearchBudgetTest.test_failed_samples_still_consume_slots) ... ok
test_fourth_comparison_group_blocked (tests.app_research_budget_test.ResearchBudgetTest.test_fourth_comparison_group_blocked) ... ok
test_new_capability_has_independent_budget (tests.app_research_budget_test.ResearchBudgetTest.test_new_capability_has_independent_budget) ... ok
test_parallel_single_characters_cannot_exceed_ten (tests.app_research_budget_test.ResearchBudgetTest.test_parallel_single_characters_cannot_exceed_ten) ... ok
test_public_web_rate_state_is_isolated_between_generations (tests.app_research_budget_test.ResearchBudgetTest.test_public_web_rate_state_is_isolated_between_generations) ... ok
test_rank_pages_and_providers_share_total (tests.app_research_budget_test.ResearchBudgetTest.test_rank_pages_and_providers_share_total) ... ok
test_rank_reservation_does_not_authorize_arbitrary_actor (tests.app_research_budget_test.ResearchBudgetTest.test_rank_reservation_does_not_authorize_arbitrary_actor) ... ok
test_ranked_profiles_reuse_reservations_but_eleventh_player_is_blocked (tests.app_research_budget_test.ResearchBudgetTest.test_ranked_profiles_reuse_reservations_but_eleventh_player_is_blocked) ... ok
test_ranked_wcl_followup_requires_observed_actor_match (tests.app_research_budget_test.ResearchBudgetTest.test_ranked_wcl_followup_requires_observed_actor_match) ... ok
test_repeated_character_is_not_a_new_player (tests.app_research_budget_test.ResearchBudgetTest.test_repeated_character_is_not_a_new_player) ... ok
test_report_directory_does_not_consume_a_deep_fight (tests.app_research_budget_test.ResearchBudgetTest.test_report_directory_does_not_consume_a_deep_fight) ... ok
test_report_wide_event_window_requires_a_specific_fight (tests.app_research_budget_test.ResearchBudgetTest.test_report_wide_event_window_requires_a_specific_fight) ... ok
test_requerying_live_rank_positions_cannot_replace_counted_players (tests.app_research_budget_test.ResearchBudgetTest.test_requerying_live_rank_positions_cannot_replace_counted_players) ... ok
test_search_reserves_both_pages (tests.app_research_budget_test.ResearchBudgetTest.test_search_reserves_both_pages) ... ok
test_server_public_web_is_available_through_authenticated_gateway (tests.app_research_budget_test.ResearchBudgetTest.test_server_public_web_is_available_through_authenticated_gateway) ... ok
test_sixth_public_page_blocked_continuation_allowed (tests.app_research_budget_test.ResearchBudgetTest.test_sixth_public_page_blocked_continuation_allowed) ... ok
test_source_call_budget_counts_batch_members (tests.app_research_budget_test.ResearchBudgetTest.test_source_call_budget_counts_batch_members) ... ok
test_top11_refused_before_source_work (tests.app_research_budget_test.ResearchBudgetTest.test_top11_refused_before_source_work) ... ok
test_identity_receipt_survives_reload (tests.app_research_lifecycle_test.ResearchStateTest.test_identity_receipt_survives_reload) ... ok
test_serialized_state_retains_cross_source_limits (tests.app_research_lifecycle_test.ResearchStateTest.test_serialized_state_retains_cross_source_limits) ... ok
test_bad_admin_configuration_fails_closed (tests.app_admin_test.AdminTest.test_bad_admin_configuration_fails_closed) ... ok
test_dates_beijing_end_exclusive_and_bounded (tests.app_admin_test.AdminTest.test_dates_beijing_end_exclusive_and_bounded) ... ok
test_default_deny_wrong_owner_and_nonqq (tests.app_admin_test.AdminTest.test_default_deny_wrong_owner_and_nonqq) ... ok
test_only_real_qq_owner_and_web_session (tests.app_admin_test.AdminTest.test_only_real_qq_owner_and_web_session) ... ok
test_query_failure_returns_generic_unavailable (tests.app_admin_test.AdminTest.test_query_failure_returns_generic_unavailable) ... ok
test_routes_require_session_before_query_and_no_store_even_errors (tests.app_admin_test.AdminTest.test_routes_require_session_before_query_and_no_store_even_errors) ... ok
test_callback_access_log_redacts_queries (tests.app_qq_login_test.QqLoginTest.test_callback_access_log_redacts_queries) ... ok
test_callback_variants_never_log_or_redirect_with_oauth_query (tests.app_qq_login_test.QqLoginTest.test_callback_variants_never_log_or_redirect_with_oauth_query) ... ok
test_cancel_origin_host_and_legacy_routes (tests.app_qq_login_test.QqLoginTest.test_cancel_origin_host_and_legacy_routes) ... ok
test_concurrent_consume_allows_one_provider_exchange (tests.app_qq_login_test.QqLoginTest.test_concurrent_consume_allows_one_provider_exchange) ... ok
test_config_requires_exact_https_callback_and_hides_key (tests.app_qq_login_test.QqLoginTest.test_config_requires_exact_https_callback_and_hides_key) ... ok
test_duplicate_callback_parameters_and_unconfigured_login_fail_closed (tests.app_qq_login_test.QqLoginTest.test_duplicate_callback_parameters_and_unconfigured_login_fail_closed) ... ok
test_invalid_string_expiries_fail_closed (tests.app_qq_login_test.QqLoginTest.test_invalid_string_expiries_fail_closed) ... ok
test_isolated_environment_callbacks_landing_and_binding_cookie (tests.app_qq_login_test.QqLoginTest.test_isolated_environment_callbacks_landing_and_binding_cookie) ... ok
test_malformed_provider_identity_and_token_fail_closed (tests.app_qq_login_test.QqLoginTest.test_malformed_provider_identity_and_token_fail_closed) ... ok
test_numeric_string_expiry_from_real_qq_response_authenticates (tests.app_qq_login_test.QqLoginTest.test_numeric_string_expiry_from_real_qq_response_authenticates) ... ok
test_official_qq_http_avatar_is_upgraded_to_https (tests.app_qq_login_test.QqLoginTest.test_official_qq_http_avatar_is_upgraded_to_https) ... ok
test_old_wechat_web_and_bearer_credentials_are_rejected (tests.app_qq_login_test.QqLoginTest.test_old_wechat_web_and_bearer_credentials_are_rejected) ... ok
test_profile_is_sanitized_optional_and_unsafe_avatar_not_exposed (tests.app_qq_login_test.QqLoginTest.test_profile_is_sanitized_optional_and_unsafe_avatar_not_exposed) ... ok
test_provider_transport_failures_redirects_and_logs_are_safe (tests.app_qq_login_test.QqLoginTest.test_provider_transport_failures_redirects_and_logs_are_safe) ... ok
test_state_cookie_mismatch_expiry_and_replay_do_not_call_provider (tests.app_qq_login_test.QqLoginTest.test_state_cookie_mismatch_expiry_and_replay_do_not_call_provider) ... ok
test_success_cookie_csrf_logout_and_separate_qq_owners (tests.app_qq_login_test.QqLoginTest.test_success_cookie_csrf_logout_and_separate_qq_owners) ... ok
test_decodes_and_strips_metadata (tests.app_chat_images_test.ImageValidationTest.test_decodes_and_strips_metadata) ... ok
test_jpeg_orientation_applied_before_exif_is_removed (tests.app_chat_images_test.ImageValidationTest.test_jpeg_orientation_applied_before_exif_is_removed) ... ok
test_rejects_animated_png_and_excessive_pixel_count (tests.app_chat_images_test.ImageValidationTest.test_rejects_animated_png_and_excessive_pixel_count) ... ok
test_rejects_executable_corrupt_mismatched_and_oversized_inputs (tests.app_chat_images_test.ImageValidationTest.test_rejects_executable_corrupt_mismatched_and_oversized_inputs) ... ok
test_direct_production_configuration_cannot_enable_test_login (tests.app_test_login_test.TestLoginConfigurationTest.test_direct_production_configuration_cannot_enable_test_login) ... ok
test_disabled_routes_are_not_exposed (tests.app_test_login_test.TestLoginConfigurationTest.test_disabled_routes_are_not_exposed) ... ok
test_feature_is_default_off (tests.app_test_login_test.TestLoginConfigurationTest.test_feature_is_default_off) ... ok
test_production_and_non_test_databases_are_rejected (tests.app_test_login_test.TestLoginConfigurationTest.test_production_and_non_test_databases_are_rejected) ... ok
test_disabled_and_expired_test_sessions_and_legacy_sessions_fail (tests.app_test_login_test.TestLoginTest.test_disabled_and_expired_test_sessions_and_legacy_sessions_fail) ... ok
test_web_login_requires_exact_origin (tests.app_test_login_test.TestLoginTest.test_web_login_requires_exact_origin) ... ok
test_web_sessions_retain_chat_owner_and_other_account_is_isolated (tests.app_test_login_test.TestLoginTest.test_web_sessions_retain_chat_owner_and_other_account_is_isolated) ... ok
test_wrong_credential_unknown_account_and_client_owner_are_rejected_without_writes (tests.app_test_login_test.TestLoginTest.test_wrong_credential_unknown_account_and_client_owner_are_rejected_without_writes) ... ok
test_qq_callback_is_fixed_to_test_without_fabricating_credentials (tests.test_login_runtime_test.TestLoginRuntimeTest.test_qq_callback_is_fixed_to_test_without_fabricating_credentials) ... ok
test_reuses_existing_auth_in_memory_and_always_targets_test_database (tests.test_login_runtime_test.TestLoginRuntimeTest.test_reuses_existing_auth_in_memory_and_always_targets_test_database) ... ok
test_runtime_isolation_overrides_all_inherited_production_values (tests.test_login_runtime_test.TestLoginRuntimeTest.test_runtime_isolation_overrides_all_inherited_production_values) ... ok
test_unexpected_source_and_missing_credentials_fail_closed (tests.test_login_runtime_test.TestLoginRuntimeTest.test_unexpected_source_and_missing_credentials_fail_closed) ... ok
test_default_readiness_reports_qq_configuration_without_network_calls (tests.app_api_test.AppApiTest.test_default_readiness_reports_qq_configuration_without_network_calls) ... ok
test_internal_source_gateway_is_registered_but_requires_capability (tests.app_api_test.AppApiTest.test_internal_source_gateway_is_registered_but_requires_capability) ... ok
test_liveness_is_separate_from_business_readiness (tests.app_api_test.AppApiTest.test_liveness_is_separate_from_business_readiness) ... ok
test_probe_failures_use_a_bounded_public_state (tests.app_api_test.AppApiTest.test_probe_failures_use_a_bounded_public_state) ... ok
test_production_disables_interactive_api_docs (tests.app_api_test.AppApiTest.test_production_disables_interactive_api_docs) ... ok
test_request_id_is_returned_and_invalid_ids_are_replaced (tests.app_api_test.AppApiTest.test_request_id_is_returned_and_invalid_ids_are_replaced) ... ok
test_research_batch_http_contract_and_capability_revocation (tests.app_api_test.AppApiTest.test_research_batch_http_contract_and_capability_revocation) ... ok
test_research_http_options_reject_boolean_and_nested_objects (tests.app_api_test.AppApiTest.test_research_http_options_reject_boolean_and_nested_objects) ... ok
test_simulation_tool_http_rejects_missing_capability_and_identity_body (tests.app_api_test.AppApiTest.test_simulation_tool_http_rejects_missing_capability_and_identity_body) ... ok
test_simulation_tool_http_uses_same_gateway_and_revoke (tests.app_api_test.AppApiTest.test_simulation_tool_http_uses_same_gateway_and_revoke) ... ok
test_unknown_routes_use_the_stable_error_envelope (tests.app_api_test.AppApiTest.test_unknown_routes_use_the_stable_error_envelope) ... ok
test_application_layer_depends_on_ports_instead_of_provider_adapters (tests.app_architecture_test.AppArchitectureTest.test_application_layer_depends_on_ports_instead_of_provider_adapters)
Catches making unit-level application behavior require HTTP/provider packages. ... ok
test_domain_is_framework_and_adapter_free (tests.app_architecture_test.AppArchitectureTest.test_domain_is_framework_and_adapter_free) ... ok
test_new_app_never_imports_legacy_owners (tests.app_architecture_test.AppArchitectureTest.test_new_app_never_imports_legacy_owners) ... ok
test_candidate_rejects_public_binding_and_invalid_poll_bounds (tests.app_config_test.AppConfigTest.test_candidate_rejects_public_binding_and_invalid_poll_bounds) ... ok
test_postgres_url_is_required_and_secrets_are_not_repr_visible (tests.app_config_test.AppConfigTest.test_postgres_url_is_required_and_secrets_are_not_repr_visible) ... ok
test_removed_prototype_environment_has_no_runtime_owner (tests.app_config_test.AppConfigTest.test_removed_prototype_environment_has_no_runtime_owner) ... ok
test_web_settings_remain_bounded_and_wechat_configuration_is_retired (tests.app_config_test.AppConfigTest.test_web_settings_remain_bounded_and_wechat_configuration_is_retired) ... ok
test_worker_heartbeat_configuration_is_environment_scoped_and_bounded (tests.app_config_test.AppConfigTest.test_worker_heartbeat_configuration_is_environment_scoped_and_bounded) ... ok
test_product_dependencies_are_exact_and_do_not_add_a_broker (tests.app_dependency_manifest_test.AppDependencyManifestTest.test_product_dependencies_are_exact_and_do_not_add_a_broker) ... ok
test_codex_probe_binds_enabled_binary_to_configured_sha256 (tests.app_runtime_readiness_test.AppRuntimeReadinessTest.test_codex_probe_binds_enabled_binary_to_configured_sha256) ... ok
test_default_registry_can_be_fully_ready_without_external_provider_calls (tests.app_runtime_readiness_test.AppRuntimeReadinessTest.test_default_registry_can_be_fully_ready_without_external_provider_calls) ... ok
test_simc_probe_binds_managed_commit_binary_and_supported_specs (tests.app_runtime_readiness_test.AppRuntimeReadinessTest.test_simc_probe_binds_managed_commit_binary_and_supported_specs) ... ok
test_source_probes_are_local_configuration_checks_only (tests.app_runtime_readiness_test.AppRuntimeReadinessTest.test_source_probes_are_local_configuration_checks_only) ... ok
test_worker_heartbeat_is_atomic_private_and_environment_scoped (tests.app_runtime_readiness_test.AppRuntimeReadinessTest.test_worker_heartbeat_is_atomic_private_and_environment_scoped) ... ok
test_worker_probe_rejects_missing_stale_wrong_environment_and_symlink_state (tests.app_runtime_readiness_test.AppRuntimeReadinessTest.test_worker_probe_rejects_missing_stale_wrong_environment_and_symlink_state) ... ok
test_retired_avatar_upload_never_writes (tests.app_avatar_test.AvatarApiTest.test_retired_avatar_upload_never_writes) ... ok
test_web_avatar_read_is_owner_scoped_and_mini_upload_is_retired (tests.app_avatar_test.AvatarApiTest.test_web_avatar_read_is_owner_scoped_and_mini_upload_is_retired) ... ok
test_auth_audit_insert_uses_only_the_validated_redacted_payload (tests.app_identity_repository_test.AppIdentityRepositoryTest.test_auth_audit_insert_uses_only_the_validated_redacted_payload) ... ok
test_auth_session_lookup_is_scoped_to_kind_and_expiry (tests.app_identity_repository_test.AppIdentityRepositoryTest.test_auth_session_lookup_is_scoped_to_kind_and_expiry) ... ok
test_auth_audit_payload_is_allowlisted_and_secret_fields_are_rejected (tests.app_identity_api_test.AppIdentityApiTest.test_auth_audit_payload_is_allowlisted_and_secret_fields_are_rejected) ... ok
test_bearer_and_cookie_together_are_rejected_before_resolution (tests.app_identity_api_test.AppIdentityApiTest.test_bearer_and_cookie_together_are_rejected_before_resolution) ... ok
test_each_transport_resolves_only_its_session_kind (tests.app_identity_api_test.AppIdentityApiTest.test_each_transport_resolves_only_its_session_kind) ... ok
test_fastapi_wiring_uses_unified_principal_mutation_and_auth_cookie_contracts (tests.app_identity_api_test.AppIdentityApiTest.test_fastapi_wiring_uses_unified_principal_mutation_and_auth_cookie_contracts)
Catches leaving the tested security primitives disconnected from formal routes. ... ok
test_missing_or_malformed_authorization_never_falls_back (tests.app_identity_api_test.AppIdentityApiTest.test_missing_or_malformed_authorization_never_falls_back) ... ok
test_mutating_web_requires_csrf_and_bearer_is_rejected (tests.app_identity_api_test.AppIdentityApiTest.test_mutating_web_requires_csrf_and_bearer_is_rejected) ... ok
test_cookie_names_must_be_distinct_host_prefixed_values (tests.app_csrf_test.AppCsrfTest.test_cookie_names_must_be_distinct_host_prefixed_values) ... ok
test_cookie_write_requires_exact_origin_host_and_constant_time_double_submit (tests.app_csrf_test.AppCsrfTest.test_cookie_write_requires_exact_origin_host_and_constant_time_double_submit) ... ok
test_csrf_tokens_are_independent_opaque_256_bit_values (tests.app_csrf_test.AppCsrfTest.test_csrf_tokens_are_independent_opaque_256_bit_values) ... ok
test_formal_cookie_names_and_attributes_are_fixed_to_host_scope (tests.app_csrf_test.AppCsrfTest.test_formal_cookie_names_and_attributes_are_fixed_to_host_scope) ... ok
test_conversation_creation_requires_and_replays_one_idempotent_request (tests.app_chat_api_test.FormalChatApiTest.test_conversation_creation_requires_and_replays_one_idempotent_request) ... ok
test_formal_chat_routes_are_registered (tests.app_chat_api_test.FormalChatApiTest.test_formal_chat_routes_are_registered) ... ok
test_progress_opt_in_keeps_old_clients_compatible_and_new_history_shared (tests.app_chat_api_test.FormalChatApiTest.test_progress_opt_in_keeps_old_clients_compatible_and_new_history_shared) ... /opt/chickenbro-runtime/lib/python3.12/site-packages/starlette/testclient.py:455: DeprecationWarning: Setting per-request cookies=<...> is being deprecated, because the expected behaviour on cookie persistence is ambiguous. Set cookies directly on the client instance instead.
  return super().request(
ok
test_stream_is_no_store_unbuffered_and_contains_only_public_events (tests.app_chat_api_test.FormalChatApiTest.test_stream_is_no_store_unbuffered_and_contains_only_public_events) ... ok
test_stream_requires_a_single_formal_transport_and_idempotency_key (tests.app_chat_api_test.FormalChatApiTest.test_stream_requires_a_single_formal_transport_and_idempotency_key) ... /opt/chickenbro-runtime/lib/python3.12/site-packages/starlette/testclient.py:455: DeprecationWarning: Setting per-request cookies=<...> is being deprecated, because the expected behaviour on cookie persistence is ambiguous. Set cookies directly on the client instance instead.
  return super().request(
ok
test_web_cookie_can_read_but_cannot_write_without_origin_and_csrf (tests.app_chat_api_test.FormalChatApiTest.test_web_cookie_can_read_but_cannot_write_without_origin_and_csrf) ... /opt/chickenbro-runtime/lib/python3.12/site-packages/starlette/testclient.py:455: DeprecationWarning: Setting per-request cookies=<...> is being deprecated, because the expected behaviour on cookie persistence is ambiguous. Set cookies directly on the client instance instead.
  return super().request(
ok
test_web_session_can_create_and_list_bounded_public_conversations (tests.app_chat_api_test.FormalChatApiTest.test_web_session_can_create_and_list_bounded_public_conversations) ... ok
test_conversation_created_by_browser_is_visible_to_web_same_user (tests.app_chat_cross_client_test.FormalChatCrossClientTest.test_conversation_created_by_browser_is_visible_to_web_same_user) ... /opt/chickenbro-runtime/lib/python3.12/site-packages/starlette/testclient.py:455: DeprecationWarning: Setting per-request cookies=<...> is being deprecated, because the expected behaviour on cookie persistence is ambiguous. Set cookies directly on the client instance instead.
  return super().request(
ok
test_conversation_created_by_web_is_visible_to_browser_same_user (tests.app_chat_cross_client_test.FormalChatCrossClientTest.test_conversation_created_by_web_is_visible_to_browser_same_user) ... ok
test_message_sent_by_browser_is_persisted_for_web_history (tests.app_chat_cross_client_test.FormalChatCrossClientTest.test_message_sent_by_browser_is_persisted_for_web_history) ... /opt/chickenbro-runtime/lib/python3.12/site-packages/starlette/testclient.py:455: DeprecationWarning: Setting per-request cookies=<...> is being deprecated, because the expected behaviour on cookie persistence is ambiguous. Set cookies directly on the client instance instead.
  return super().request(
ok
test_other_user_gets_not_found_and_cannot_enumerate_owner_history (tests.app_chat_cross_client_test.FormalChatCrossClientTest.test_other_user_gets_not_found_and_cannot_enumerate_owner_history) ... ok
test_agent_run_persists_the_codex_runtime_revision (tests.app_chickenbro_application_test.ChatApplicationTest.test_agent_run_persists_the_codex_runtime_revision) ... ok
test_assistant_persistence_failure_never_marks_run_succeeded (tests.app_chickenbro_application_test.ChatApplicationTest.test_assistant_persistence_failure_never_marks_run_succeeded) ... chat_run_failed run_id=9378a52f-9047-44fa-81f7-794adce4b641 reason=CHAT_PERSISTENCE_FAILED
ok
test_client_message_and_idempotency_key_must_reference_the_same_run (tests.app_chickenbro_application_test.ChatApplicationTest.test_client_message_and_idempotency_key_must_reference_the_same_run) ... ok
test_client_message_id_longer_than_database_bound_is_rejected (tests.app_chickenbro_application_test.ChatApplicationTest.test_client_message_id_longer_than_database_bound_is_rejected) ... ok
test_closing_after_completed_event_keeps_the_succeeded_terminal_state (tests.app_chickenbro_application_test.ChatApplicationTest.test_closing_after_completed_event_keeps_the_succeeded_terminal_state) ... ok
test_closing_after_started_marks_the_persisted_run_failed (tests.app_chickenbro_application_test.ChatApplicationTest.test_closing_after_started_marks_the_persisted_run_failed) ... chat_run_cancelled run_id=5d842acf-c869-49cd-92c9-ff84b0ecd5a9 reason=generation_iterator_closed
ok
test_closing_during_delta_closes_codex_and_marks_run_failed (tests.app_chickenbro_application_test.ChatApplicationTest.test_closing_during_delta_closes_codex_and_marks_run_failed) ... chat_run_cancelled run_id=cd302819-27b7-4835-8f70-1c4b9a5fd8e1 reason=generation_iterator_closed
ok
test_codex_failure_never_persists_assistant_or_fallback_model (tests.app_chickenbro_application_test.ChatApplicationTest.test_codex_failure_never_persists_assistant_or_fallback_model) ... chat_run_failed run_id=344079cf-3e85-4794-99ec-54ad415b8157 reason=CODEX_UNAVAILABLE
ok
test_completed_codex_stream_persists_assistant_only_after_completion (tests.app_chickenbro_application_test.ChatApplicationTest.test_completed_codex_stream_persists_assistant_only_after_completion) ... ok
test_concurrent_duplicate_start_replays_the_committed_run (tests.app_chickenbro_application_test.ChatApplicationTest.test_concurrent_duplicate_start_replays_the_committed_run) ... ok
test_create_conversation_preserves_the_product_schema_title_limit (tests.app_chickenbro_application_test.ChatApplicationTest.test_create_conversation_preserves_the_product_schema_title_limit) ... ok
test_create_conversation_reuses_one_identity_and_rejects_changed_title (tests.app_chickenbro_application_test.ChatApplicationTest.test_create_conversation_reuses_one_identity_and_rejects_changed_title) ... ok
test_history_failure_after_stream_start_becomes_public_failed_event (tests.app_chickenbro_application_test.ChatApplicationTest.test_history_failure_after_stream_start_becomes_public_failed_event) ... chat_run_failed run_id=9c2769b4-104d-4015-ae11-8b47f439b674 reason=application_exception exception_type=RuntimeError
chat_run_failed run_id=9c2769b4-104d-4015-ae11-8b47f439b674 reason=CODEX_EXECUTION_FAILED
ok
test_idempotency_key_longer_than_database_bound_is_rejected (tests.app_chickenbro_application_test.ChatApplicationTest.test_idempotency_key_longer_than_database_bound_is_rejected) ... ok
test_missing_codex_runtime_revision_fails_before_persistence (tests.app_chickenbro_application_test.ChatApplicationTest.test_missing_codex_runtime_revision_fails_before_persistence) ... ok
test_native_codex_prompt_contains_only_history_and_uses_aligned_timeout (tests.app_chickenbro_application_test.ChatApplicationTest.test_native_codex_prompt_contains_only_history_and_uses_aligned_timeout) ... ok
test_native_codex_prompt_preserves_source_links_as_user_data (tests.app_chickenbro_application_test.ChatApplicationTest.test_native_codex_prompt_preserves_source_links_as_user_data) ... ok
test_new_send_recovers_stale_runs_but_preserves_fresh_runs (tests.app_chickenbro_application_test.ChatApplicationTest.test_new_send_recovers_stale_runs_but_preserves_fresh_runs) ... chat_runs_recovered reason=stale_or_process_interrupted count=1
ok
test_other_owner_cannot_read_or_write_conversation (tests.app_chickenbro_application_test.ChatApplicationTest.test_other_owner_cannot_read_or_write_conversation) ... ok
test_policy_rejection_is_nonretryable_and_replayed_without_new_model_call (tests.app_chickenbro_application_test.ChatApplicationTest.test_policy_rejection_is_nonretryable_and_replayed_without_new_model_call) ... chat_run_failed run_id=16f1fad9-cbbd-45d3-954c-f9ee0829af00 reason=CODEX_REQUEST_REJECTED
ok
test_present_but_empty_client_message_id_is_rejected_before_persistence (tests.app_chickenbro_application_test.ChatApplicationTest.test_present_but_empty_client_message_id_is_rejected_before_persistence) ... ok
test_progress_is_separate_persistent_and_survives_failure (tests.app_chickenbro_application_test.ChatApplicationTest.test_progress_is_separate_persistent_and_survives_failure) ... chat_run_failed run_id=8ed285a4-02a4-4b77-bd03-39ba79b2c085 reason=CODEX_OUTPUT_INVALID
ok
test_prompt_keeps_history_bounded_and_embedded_role_labels_inside_content (tests.app_chickenbro_application_test.ChatApplicationTest.test_prompt_keeps_history_bounded_and_embedded_role_labels_inside_content) ... ok
test_replay_failed_run_uses_persisted_public_error_without_codex (tests.app_chickenbro_application_test.ChatApplicationTest.test_replay_failed_run_uses_persisted_public_error_without_codex) ... chat_run_failed run_id=db7349e7-779e-4b47-a774-598569c151c2 reason=CODEX_UNAVAILABLE
ok
test_replay_recovers_a_stale_streaming_run_without_calling_codex (tests.app_chickenbro_application_test.ChatApplicationTest.test_replay_recovers_a_stale_streaming_run_without_calling_codex) ... chat_runs_recovered reason=stale_or_process_interrupted count=1
ok
test_replay_streaming_run_fails_before_emitting_an_event (tests.app_chickenbro_application_test.ChatApplicationTest.test_replay_streaming_run_fails_before_emitting_an_event) ... ok
test_replay_succeeded_run_uses_persisted_assistant_without_codex (tests.app_chickenbro_application_test.ChatApplicationTest.test_replay_succeeded_run_uses_persisted_assistant_without_codex) ... ok
test_reused_client_message_with_different_content_is_an_idempotency_conflict (tests.app_chickenbro_application_test.ChatApplicationTest.test_reused_client_message_with_different_content_is_an_idempotency_conflict) ... ok
test_reused_client_message_with_different_idempotency_key_is_a_conflict (tests.app_chickenbro_application_test.ChatApplicationTest.test_reused_client_message_with_different_idempotency_key_is_a_conflict) ... ok
test_reused_idempotency_key_with_different_client_message_is_a_conflict (tests.app_chickenbro_application_test.ChatApplicationTest.test_reused_idempotency_key_with_different_client_message_is_a_conflict) ... ok
test_run_start_failure_does_not_leave_an_orphan_user_message (tests.app_chickenbro_application_test.ChatApplicationTest.test_run_start_failure_does_not_leave_an_orphan_user_message) ... ok
test_same_client_message_and_idempotency_key_invokes_codex_once (tests.app_chickenbro_application_test.ChatApplicationTest.test_same_client_message_and_idempotency_key_invokes_codex_once) ... ok
test_scoped_codex_receives_persisted_run_and_authenticated_owner (tests.app_chickenbro_application_test.ChatApplicationTest.test_scoped_codex_receives_persisted_run_and_authenticated_owner) ... ok
test_success_terminal_failure_does_not_leave_an_orphan_assistant (tests.app_chickenbro_application_test.ChatApplicationTest.test_success_terminal_failure_does_not_leave_an_orphan_assistant) ... chat_run_failed run_id=c0aec954-e883-4ab4-b04d-678360b707cd reason=CHAT_PERSISTENCE_FAILED
ok
test_conversation_page_caps_limit_at_fifty_plus_lookahead (tests.app_chickenbro_application_test.FormalChatPaginationTest.test_conversation_page_caps_limit_at_fifty_plus_lookahead) ... ok
test_conversation_page_is_stable_and_owner_scoped (tests.app_chickenbro_application_test.FormalChatPaginationTest.test_conversation_page_is_stable_and_owner_scoped) ... ok
test_conversation_page_raises_zero_limit_to_one_plus_lookahead (tests.app_chickenbro_application_test.FormalChatPaginationTest.test_conversation_page_raises_zero_limit_to_one_plus_lookahead) ... ok
test_invalid_cursor_fails_without_querying_repository (tests.app_chickenbro_application_test.FormalChatPaginationTest.test_invalid_cursor_fails_without_querying_repository) ... ok
test_postgres_agent_run_idempotency_lookup_is_owner_scoped (tests.app_chickenbro_owner_isolation_test.OwnerIsolationTest.test_postgres_agent_run_idempotency_lookup_is_owner_scoped) ... ok
test_postgres_agent_run_lookup_is_bound_to_owner_and_user_message (tests.app_chickenbro_owner_isolation_test.OwnerIsolationTest.test_postgres_agent_run_lookup_is_bound_to_owner_and_user_message) ... ok
test_postgres_assistant_and_success_terminal_share_one_rollback_boundary (tests.app_chickenbro_owner_isolation_test.OwnerIsolationTest.test_postgres_assistant_and_success_terminal_share_one_rollback_boundary) ... ok
test_postgres_assistant_completion_advances_conversation_order_in_the_same_transaction (tests.app_chickenbro_owner_isolation_test.OwnerIsolationTest.test_postgres_assistant_completion_advances_conversation_order_in_the_same_transaction) ... ok
test_postgres_atomic_start_persists_codex_runtime_revision (tests.app_chickenbro_owner_isolation_test.OwnerIsolationTest.test_postgres_atomic_start_persists_codex_runtime_revision) ... ok
test_postgres_conversation_create_uses_the_supplied_idempotent_identity (tests.app_chickenbro_owner_isolation_test.OwnerIsolationTest.test_postgres_conversation_create_uses_the_supplied_idempotent_identity) ... ok
test_postgres_conversation_page_uses_owner_scoped_keyset_query (tests.app_chickenbro_owner_isolation_test.OwnerIsolationTest.test_postgres_conversation_page_uses_owner_scoped_keyset_query) ... ok
test_postgres_idempotent_message_lookup_is_owner_scoped (tests.app_chickenbro_owner_isolation_test.OwnerIsolationTest.test_postgres_idempotent_message_lookup_is_owner_scoped) ... ok
test_postgres_message_and_run_start_share_one_rollback_boundary (tests.app_chickenbro_owner_isolation_test.OwnerIsolationTest.test_postgres_message_and_run_start_share_one_rollback_boundary) ... ok
test_postgres_message_start_advances_conversation_order_in_the_same_transaction (tests.app_chickenbro_owner_isolation_test.OwnerIsolationTest.test_postgres_message_start_advances_conversation_order_in_the_same_transaction) ... ok
test_postgres_stale_run_recovery_is_owner_conversation_and_deadline_scoped (tests.app_chickenbro_owner_isolation_test.OwnerIsolationTest.test_postgres_stale_run_recovery_is_owner_conversation_and_deadline_scoped) ... ok
test_closing_http_frames_closes_the_application_event_stream (tests.app_chickenbro_stream_test.ChickenbroStreamTest.test_closing_http_frames_closes_the_application_event_stream) ... ok
test_codex_jsonl_deltas_are_bounded_and_ignore_untrusted_metadata (tests.app_chickenbro_stream_test.ChickenbroStreamTest.test_codex_jsonl_deltas_are_bounded_and_ignore_untrusted_metadata) ... ok
test_empty_or_error_codex_output_is_a_public_stream_error (tests.app_chickenbro_stream_test.ChickenbroStreamTest.test_empty_or_error_codex_output_is_a_public_stream_error) ... ok
test_failed_sse_frame_uses_typed_error_code_field (tests.app_chickenbro_stream_test.ChickenbroStreamTest.test_failed_sse_frame_uses_typed_error_code_field) ... ok
test_sse_frame_contains_only_allowlisted_public_fields (tests.app_chickenbro_stream_test.ChickenbroStreamTest.test_sse_frame_contains_only_allowlisted_public_fields) ... ok
test_approval_requests_fail_closed_and_revoke_capability (tests.app_chickenbro_codex_adapter_test.ChickenbroCodexAdapterTest.test_approval_requests_fail_closed_and_revoke_capability) ... ok
test_attempted_wcl_empty_evidence_reaches_both_validation_passes (tests.app_chickenbro_codex_adapter_test.ChickenbroCodexAdapterTest.test_attempted_wcl_empty_evidence_reaches_both_validation_passes) ... ok
test_buffered_final_waits_for_exit_and_revocation_before_first_delta (tests.app_chickenbro_codex_adapter_test.ChickenbroCodexAdapterTest.test_buffered_final_waits_for_exit_and_revocation_before_first_delta) ... ok
test_chat_profile_enables_live_native_web_search (tests.app_chickenbro_codex_adapter_test.ChickenbroCodexAdapterTest.test_chat_profile_enables_live_native_web_search) ... ok
test_commentary_reasoning_tools_and_unknown_methods_never_exposed (tests.app_chickenbro_codex_adapter_test.ChickenbroCodexAdapterTest.test_commentary_reasoning_tools_and_unknown_methods_never_exposed) ... ok
test_diagnostic_context_isolated_between_owner_threads (tests.app_chickenbro_codex_adapter_test.ChickenbroCodexAdapterTest.test_diagnostic_context_isolated_between_owner_threads) ... ok
test_diagnostic_context_resets_on_generator_close_and_logger_failure (tests.app_chickenbro_codex_adapter_test.ChickenbroCodexAdapterTest.test_diagnostic_context_resets_on_generator_close_and_logger_failure) ... ok
test_diagnostic_helpers_cannot_replace_business_error_with_unhashable_code (tests.app_chickenbro_codex_adapter_test.ChickenbroCodexAdapterTest.test_diagnostic_helpers_cannot_replace_business_error_with_unhashable_code) ... ok
test_empty_evidence_still_rejects_malformed_reference_and_repairs_without_facts (tests.app_chickenbro_codex_adapter_test.ChickenbroCodexAdapterTest.test_empty_evidence_still_rejects_malformed_reference_and_repairs_without_facts) ... ok
test_empty_invalid_json_and_non_object_never_complete (tests.app_chickenbro_codex_adapter_test.ChickenbroCodexAdapterTest.test_empty_invalid_json_and_non_object_never_complete) ... ok
test_environment_profile_and_source_capability_are_preserved_without_credentials (tests.app_chickenbro_codex_adapter_test.ChickenbroCodexAdapterTest.test_environment_profile_and_source_capability_are_preserved_without_credentials) ... ok
test_failure_diagnostics_visible_at_warning_with_safe_prior_validation_snapshot (tests.app_chickenbro_codex_adapter_test.ChickenbroCodexAdapterTest.test_failure_diagnostics_visible_at_warning_with_safe_prior_validation_snapshot) ... ok
test_images_are_ordered_native_blocks_and_not_written_to_job_files (tests.app_chickenbro_codex_adapter_test.ChickenbroCodexAdapterTest.test_images_are_ordered_native_blocks_and_not_written_to_job_files) ... ok
test_incomplete_reference_projection_fails_before_repair_process_and_leaks_no_draft (tests.app_chickenbro_codex_adapter_test.ChickenbroCodexAdapterTest.test_incomplete_reference_projection_fails_before_repair_process_and_leaks_no_draft) ... ok
test_internal_diagnostics_are_bounded_allowlisted_and_never_log_content (tests.app_chickenbro_codex_adapter_test.ChickenbroCodexAdapterTest.test_internal_diagnostics_are_bounded_allowlisted_and_never_log_content) ... ok
test_invalid_draft_repaired_once_before_any_answer_delta (tests.app_chickenbro_codex_adapter_test.ChickenbroCodexAdapterTest.test_invalid_draft_repaired_once_before_any_answer_delta) ... ok
test_invalid_images_fail_before_starting_runtime (tests.app_chickenbro_codex_adapter_test.ChickenbroCodexAdapterTest.test_invalid_images_fail_before_starting_runtime) ... ok
test_invalid_output_records_distinct_private_failure_sites_without_content (tests.app_chickenbro_codex_adapter_test.ChickenbroCodexAdapterTest.test_invalid_output_records_distinct_private_failure_sites_without_content) ... ok
test_invalid_rules_and_disabled_or_unwritable_jobs_fail_before_spawn (tests.app_chickenbro_codex_adapter_test.ChickenbroCodexAdapterTest.test_invalid_rules_and_disabled_or_unwritable_jobs_fail_before_spawn) ... ok
test_large_image_echo_is_bounded_and_not_forwarded (tests.app_chickenbro_codex_adapter_test.ChickenbroCodexAdapterTest.test_large_image_echo_is_bounded_and_not_forwarded) ... ok
test_large_input_reaches_reading_runtime_without_truncation (tests.app_chickenbro_codex_adapter_test.ChickenbroCodexAdapterTest.test_large_input_reaches_reading_runtime_without_truncation) ... ok
test_mismatched_completed_text_is_not_saved_as_success (tests.app_chickenbro_codex_adapter_test.ChickenbroCodexAdapterTest.test_mismatched_completed_text_is_not_saved_as_success) ... ok
test_missing_invalid_and_unsafe_profile_fail_before_spawning (tests.app_chickenbro_codex_adapter_test.ChickenbroCodexAdapterTest.test_missing_invalid_and_unsafe_profile_fail_before_spawning) ... ok
test_native_failure_categories_are_private_and_distinct (tests.app_chickenbro_codex_adapter_test.ChickenbroCodexAdapterTest.test_native_failure_categories_are_private_and_distinct) ... ok
test_native_web_receipts_are_run_bound_content_free_and_do_not_change_answer (tests.app_chickenbro_codex_adapter_test.ChickenbroCodexAdapterTest.test_native_web_receipts_are_run_bound_content_free_and_do_not_change_answer) ... ok
test_nonreading_runtime_input_times_out_before_child_exit (tests.app_chickenbro_codex_adapter_test.ChickenbroCodexAdapterTest.test_nonreading_runtime_input_times_out_before_child_exit) ... ok
test_nonzero_exit_and_timeout_return_stable_errors (tests.app_chickenbro_codex_adapter_test.ChickenbroCodexAdapterTest.test_nonzero_exit_and_timeout_return_stable_errors) ... codex_process_failed run_id= job_id=cc13a8036ff04416a7ba42e926c60c7c return_code=17
ok
test_oversized_public_summary_is_capped_without_losing_final_answer (tests.app_chickenbro_codex_adapter_test.ChickenbroCodexAdapterTest.test_oversized_public_summary_is_capped_without_losing_final_answer) ... ok
test_policy_rejection_remains_failed_without_retry_or_fabricated_answer (tests.app_chickenbro_codex_adapter_test.ChickenbroCodexAdapterTest.test_policy_rejection_remains_failed_without_retry_or_fabricated_answer) ... ok
test_posix_cleanup_targets_the_spawned_process_group_and_reaps_parent (tests.app_chickenbro_codex_adapter_test.ChickenbroCodexAdapterTest.test_posix_cleanup_targets_the_spawned_process_group_and_reaps_parent) ... ok
test_profile_uses_current_release_toolbox_and_bounded_batch_timeout (tests.app_chickenbro_codex_adapter_test.ChickenbroCodexAdapterTest.test_profile_uses_current_release_toolbox_and_bounded_batch_timeout) ... ok
test_public_progress_still_streams_before_validation_and_close_terminates (tests.app_chickenbro_codex_adapter_test.ChickenbroCodexAdapterTest.test_public_progress_still_streams_before_validation_and_close_terminates) ... ok
test_reference_only_repair_uses_compact_identity_and_preserves_observation_then_revalidates (tests.app_chickenbro_codex_adapter_test.ChickenbroCodexAdapterTest.test_reference_only_repair_uses_compact_identity_and_preserves_observation_then_revalidates) ... ok
test_reference_repair_context_selected_only_for_nonempty_pure_url_errors (tests.app_chickenbro_codex_adapter_test.ChickenbroCodexAdapterTest.test_reference_repair_context_selected_only_for_nonempty_pure_url_errors) ... ok
test_repair_deadline_uses_remaining_original_budget_and_rejects_tools (tests.app_chickenbro_codex_adapter_test.ChickenbroCodexAdapterTest.test_repair_deadline_uses_remaining_original_budget_and_rejects_tools) ... ok
test_repair_diagnostics_distinguish_stream_timeout_and_patch_failure_without_content (tests.app_chickenbro_codex_adapter_test.ChickenbroCodexAdapterTest.test_repair_diagnostics_distinguish_stream_timeout_and_patch_failure_without_content) ... ok
test_repair_failure_never_leaks_original_or_repaired_draft (tests.app_chickenbro_codex_adapter_test.ChickenbroCodexAdapterTest.test_repair_failure_never_leaks_original_or_repaired_draft) ... ok
test_repair_patch_applies_original_positions_without_touching_other_text (tests.app_chickenbro_codex_adapter_test.ChickenbroCodexAdapterTest.test_repair_patch_applies_original_positions_without_touching_other_text) ... ok
test_repair_patch_schema_ambiguity_overlap_and_size_fail_closed (tests.app_chickenbro_codex_adapter_test.ChickenbroCodexAdapterTest.test_repair_patch_schema_ambiguity_overlap_and_size_fail_closed) ... ok
test_repair_profile_explicitly_disables_inherited_servers_and_tools (tests.app_chickenbro_codex_adapter_test.ChickenbroCodexAdapterTest.test_repair_profile_explicitly_disables_inherited_servers_and_tools) ... ok
test_repair_timeout_maps_to_invalid_and_revoked_evidence_never_leaks (tests.app_chickenbro_codex_adapter_test.ChickenbroCodexAdapterTest.test_repair_timeout_maps_to_invalid_and_revoked_evidence_never_leaks) ... ok
test_retryable_error_is_private_and_can_recover_within_same_turn (tests.app_chickenbro_codex_adapter_test.ChickenbroCodexAdapterTest.test_retryable_error_is_private_and_can_recover_within_same_turn) ... ok
test_rules_reload_as_developer_instructions_and_not_user_input (tests.app_chickenbro_codex_adapter_test.ChickenbroCodexAdapterTest.test_rules_reload_as_developer_instructions_and_not_user_input) ... ok
test_simulation_capability_uses_server_context_and_is_revoked (tests.app_chickenbro_codex_adapter_test.ChickenbroCodexAdapterTest.test_simulation_capability_uses_server_context_and_is_revoked) ... ok
test_slow_delivery_logger_cannot_cross_deadline_and_complete (tests.app_chickenbro_codex_adapter_test.ChickenbroCodexAdapterTest.test_slow_delivery_logger_cannot_cross_deadline_and_complete) ... ok
test_slow_durable_delivery_cannot_complete_after_original_deadline (tests.app_chickenbro_codex_adapter_test.ChickenbroCodexAdapterTest.test_slow_durable_delivery_cannot_complete_after_original_deadline) ... ok
test_spawn_failure_revokes_capability (tests.app_chickenbro_codex_adapter_test.ChickenbroCodexAdapterTest.test_spawn_failure_revokes_capability) ... ok
test_streams_public_summary_separately_and_rejects_wrong_turn (tests.app_chickenbro_codex_adapter_test.ChickenbroCodexAdapterTest.test_streams_public_summary_separately_and_rejects_wrong_turn) ... ok
test_success_requires_completed_final_item_and_completed_turn (tests.app_chickenbro_codex_adapter_test.ChickenbroCodexAdapterTest.test_success_requires_completed_final_item_and_completed_turn) ... ok
test_text_only_turn_input_remains_unchanged (tests.app_chickenbro_codex_adapter_test.ChickenbroCodexAdapterTest.test_text_only_turn_input_remains_unchanged) ... ok
test_unknown_phase_withheld_until_explicit_final_and_missing_phase_rejected (tests.app_chickenbro_codex_adapter_test.ChickenbroCodexAdapterTest.test_unknown_phase_withheld_until_explicit_final_and_missing_phase_rejected) ... ok
test_upstream_error_metadata_uses_schema_allowlist_without_error_body (tests.app_chickenbro_codex_adapter_test.ChickenbroCodexAdapterTest.test_upstream_error_metadata_uses_schema_allowlist_without_error_body) ... ok
test_uses_native_app_server_transport (tests.app_chickenbro_codex_adapter_test.ChickenbroCodexAdapterTest.test_uses_native_app_server_transport) ... ok
test_validated_final_answer_and_protocol_sequence (tests.app_chickenbro_codex_adapter_test.ChickenbroCodexAdapterTest.test_validated_final_answer_and_protocol_sequence) ... ok
test_validated_fragmented_answer_has_bounded_durable_delivery_cost (tests.app_chickenbro_codex_adapter_test.ChickenbroCodexAdapterTest.test_validated_fragmented_answer_has_bounded_durable_delivery_cost) ... ok
test_validation_exhausting_deadline_leaks_no_coalesced_answer (tests.app_chickenbro_codex_adapter_test.ChickenbroCodexAdapterTest.test_validation_exhausting_deadline_leaks_no_coalesced_answer) ... ok
test_whole_answer_is_revalidated_after_patch_and_only_validated_answer_leaves (tests.app_chickenbro_codex_adapter_test.ChickenbroCodexAdapterTest.test_whole_answer_is_revalidated_after_patch_and_only_validated_answer_leaves) ... ok
test_wrong_ids_duplicate_start_unstarted_delta_and_response_error_fail_closed (tests.app_chickenbro_codex_adapter_test.ChickenbroCodexAdapterTest.test_wrong_ids_duplicate_start_unstarted_delta_and_response_error_fail_closed) ... ok
test_absent_empty_partial_and_attempted (tests.app_chickenbro_answer_grounding_test.GroundingTests.test_absent_empty_partial_and_attempted) ... ok
test_anonymous_ranking_entry_counts_only_toward_snapshot_coverage (tests.app_chickenbro_answer_grounding_test.GroundingTests.test_anonymous_ranking_entry_counts_only_toward_snapshot_coverage) ... ok
test_bounds_and_safe_projection (tests.app_chickenbro_answer_grounding_test.GroundingTests.test_bounds_and_safe_projection) ... ok
test_capability_capacity_and_inflight_revoke (tests.app_chickenbro_answer_grounding_test.GroundingTests.test_capability_capacity_and_inflight_revoke) ... ok
test_capability_isolation_lifecycle (tests.app_chickenbro_answer_grounding_test.GroundingTests.test_capability_isolation_lifecycle) ... ok
test_coverage_bounds_and_scope_isolation (tests.app_chickenbro_answer_grounding_test.GroundingTests.test_coverage_bounds_and_scope_isolation) ... ok
test_coverage_survives_detail_projection_without_stitching_snapshots (tests.app_chickenbro_answer_grounding_test.GroundingTests.test_coverage_survives_detail_projection_without_stitching_snapshots) ... ok
test_failed_results_not_registered (tests.app_chickenbro_answer_grounding_test.GroundingTests.test_failed_results_not_registered) ... ok
test_html_entities_and_duplicates (tests.app_chickenbro_answer_grounding_test.GroundingTests.test_html_entities_and_duplicates) ... ok
test_identity_statistics_and_independent_windows_survive (tests.app_chickenbro_answer_grounding_test.GroundingTests.test_identity_statistics_and_independent_windows_survive) ... ok
test_large_catalog_and_group_names_stay_bounded (tests.app_chickenbro_answer_grounding_test.GroundingTests.test_large_catalog_and_group_names_stay_bounded) ... ok
test_large_rankings_cannot_evict_positive_scoped_references_or_casts (tests.app_chickenbro_answer_grounding_test.GroundingTests.test_large_rankings_cannot_evict_positive_scoped_references_or_casts) ... ok
test_markdown_links_end_before_fullwidth_separator (tests.app_chickenbro_answer_grounding_test.GroundingTests.test_markdown_links_end_before_fullwidth_separator) ... ok
test_normal_and_rank_only (tests.app_chickenbro_answer_grounding_test.GroundingTests.test_normal_and_rank_only) ... ok
test_observed_and_unobserved_scopes (tests.app_chickenbro_answer_grounding_test.GroundingTests.test_observed_and_unobserved_scopes) ... ok
test_partial_empty_directory_and_failed_member_truth (tests.app_chickenbro_answer_grounding_test.GroundingTests.test_partial_empty_directory_and_failed_member_truth) ... ok
test_positive_identity_capacity_is_explicit_and_never_fail_open (tests.app_chickenbro_answer_grounding_test.GroundingTests.test_positive_identity_capacity_is_explicit_and_never_fail_open) ... ok
test_positive_identity_survives_detail_removal_and_remains_scoped (tests.app_chickenbro_answer_grounding_test.GroundingTests.test_positive_identity_survives_detail_removal_and_remains_scoped) ... ok
test_receipt_input_limits_explicitly_mark_actual_omission (tests.app_chickenbro_answer_grounding_test.GroundingTests.test_receipt_input_limits_explicitly_mark_actual_omission) ... ok
test_reference_projection_keeps_complete_refs_and_conflicting_actor_identities_without_casts (tests.app_chickenbro_answer_grounding_test.GroundingTests.test_reference_projection_keeps_complete_refs_and_conflicting_actor_identities_without_casts) ... ok
test_reference_projection_never_promotes_blocked_request_and_marks_ranking_omission (tests.app_chickenbro_answer_grounding_test.GroundingTests.test_reference_projection_never_promotes_blocked_request_and_marks_ranking_omission) ... ok
test_reference_projection_rejects_incomplete_invalid_and_oversized_reference_index (tests.app_chickenbro_answer_grounding_test.GroundingTests.test_reference_projection_rejects_incomplete_invalid_and_oversized_reference_index) ... ok
test_snapshot_identity_drift_and_partial_are_never_merged (tests.app_chickenbro_answer_grounding_test.GroundingTests.test_snapshot_identity_drift_and_partial_are_never_merged) ... ok
test_untrusted_shapes_and_memory_limit (tests.app_chickenbro_answer_grounding_test.GroundingTests.test_untrusted_shapes_and_memory_limit) ... ok
test_candidate_and_production_services_use_isolated_profiles (tests.app_chickenbro_native_mcp_test.FormalChickenbroNativeMcpTest.test_candidate_and_production_services_use_isolated_profiles) ... ok
test_discovery_and_batch_use_capability_gateway_without_user_character_link (tests.app_chickenbro_native_mcp_test.FormalChickenbroNativeMcpTest.test_discovery_and_batch_use_capability_gateway_without_user_character_link) ... ok
test_event_options_are_forwarded_to_server_gateway (tests.app_chickenbro_native_mcp_test.FormalChickenbroNativeMcpTest.test_event_options_are_forwarded_to_server_gateway) ... ok
test_gateway_accepts_managed_test_port_but_rejects_other_targets (tests.app_chickenbro_native_mcp_test.FormalChickenbroNativeMcpTest.test_gateway_accepts_managed_test_port_but_rejects_other_targets) ... ok
test_oversized_tool_result_returns_valid_bounded_partial_instead_of_breaking_stdio (tests.app_chickenbro_native_mcp_test.FormalChickenbroNativeMcpTest.test_oversized_tool_result_returns_valid_bounded_partial_instead_of_breaking_stdio) ... ok
test_report_and_batch_advertise_bounded_statistics_views (tests.app_chickenbro_native_mcp_test.FormalChickenbroNativeMcpTest.test_report_and_batch_advertise_bounded_statistics_views) ... ok
test_runtime_toolbox_and_profile_sources_are_retained (tests.app_chickenbro_native_mcp_test.FormalChickenbroNativeMcpTest.test_runtime_toolbox_and_profile_sources_are_retained) ... ok
test_simc_tools_dispatch_without_model_identity (tests.app_chickenbro_native_mcp_test.FormalChickenbroNativeMcpTest.test_simc_tools_dispatch_without_model_identity) ... ok
test_toolbox_exposes_sources_and_account_scoped_simulation_tools (tests.app_chickenbro_native_mcp_test.FormalChickenbroNativeMcpTest.test_toolbox_exposes_sources_and_account_scoped_simulation_tools) ... ok
test_toolbox_has_no_legacy_news_or_cached_mythic_plus_dependency (tests.app_chickenbro_native_mcp_test.FormalChickenbroNativeMcpTest.test_toolbox_has_no_legacy_news_or_cached_mythic_plus_dependency) ... ok
test_web_continuation_and_observation_preserve_scope_without_raw_query (tests.app_chickenbro_native_mcp_test.FormalChickenbroNativeMcpTest.test_web_continuation_and_observation_preserve_scope_without_raw_query) ... ok
test_all_members_omitted_never_registers_source_facts_or_query_failures (tests.app_chickenbro_source_gateway_test.BoundedSourceResultIndependentReviewTest.test_all_members_omitted_never_registers_source_facts_or_query_failures) ... ok
test_exact_utf8_boundary_returns_original_and_one_more_byte_omits (tests.app_chickenbro_source_gateway_test.BoundedSourceResultIndependentReviewTest.test_exact_utf8_boundary_returns_original_and_one_more_byte_omits) ... ok
test_oversized_middle_member_keeps_original_positions_and_whole_neighbors (tests.app_chickenbro_source_gateway_test.BoundedSourceResultIndependentReviewTest.test_oversized_middle_member_keeps_original_positions_and_whole_neighbors) ... ok
test_oversized_outer_metadata_falls_back_without_leaking_member_references (tests.app_chickenbro_source_gateway_test.BoundedSourceResultIndependentReviewTest.test_oversized_outer_metadata_falls_back_without_leaking_member_references) ... ok
test_transport_omission_does_not_clear_previous_observed_scoped_reference (tests.app_chickenbro_source_gateway_test.BoundedSourceResultIndependentReviewTest.test_transport_omission_does_not_clear_previous_observed_scoped_reference) ... ok
test_capability_gateway_keeps_event_options_and_context (tests.app_chickenbro_source_gateway_test.ChickenbroSourceGatewayTest.test_capability_gateway_keeps_event_options_and_context) ... ok
test_cn_report_is_canonicalized_before_reader (tests.app_chickenbro_source_gateway_test.ChickenbroSourceGatewayTest.test_cn_report_is_canonicalized_before_reader) ... ok
test_compact_event_view_does_not_reintroduce_empty_tables (tests.app_chickenbro_source_gateway_test.ChickenbroSourceGatewayTest.test_compact_event_view_does_not_reintroduce_empty_tables) ... ok
test_formal_router_registers_the_internal_source_gateway (tests.app_chickenbro_source_gateway_test.ChickenbroSourceGatewayTest.test_formal_router_registers_the_internal_source_gateway) ... ok
test_issued_capability_allows_one_source_query_and_revoke_blocks_it (tests.app_chickenbro_source_gateway_test.ChickenbroSourceGatewayTest.test_issued_capability_allows_one_source_query_and_revoke_blocks_it) ... ok
test_logged_cast_counts_are_preserved_without_manual_attribution (tests.app_chickenbro_source_gateway_test.ChickenbroSourceGatewayTest.test_logged_cast_counts_are_preserved_without_manual_attribution) ... ok
test_oversized_batch_preserves_whole_members_and_indexes_only_delivered_evidence (tests.app_chickenbro_source_gateway_test.ChickenbroSourceGatewayTest.test_oversized_batch_preserves_whole_members_and_indexes_only_delivered_evidence) ... ok
test_oversized_first_member_does_not_discard_later_small_members (tests.app_chickenbro_source_gateway_test.ChickenbroSourceGatewayTest.test_oversized_first_member_does_not_discard_later_small_members) ... ok
test_oversized_single_result_is_not_collected_as_visible_evidence (tests.app_chickenbro_source_gateway_test.ChickenbroSourceGatewayTest.test_oversized_single_result_is_not_collected_as_visible_evidence) ... ok
test_partial_statistics_remain_visible_with_their_incomplete_scope (tests.app_chickenbro_source_gateway_test.ChickenbroSourceGatewayTest.test_partial_statistics_remain_visible_with_their_incomplete_scope) ... ok
test_research_dispatch_rejects_unrecognized_targets_and_options (tests.app_chickenbro_source_gateway_test.ChickenbroSourceGatewayTest.test_research_dispatch_rejects_unrecognized_targets_and_options) ... ok
test_research_query_routes_without_simc_projection_and_retains_capability (tests.app_chickenbro_source_gateway_test.ChickenbroSourceGatewayTest.test_research_query_routes_without_simc_projection_and_retains_capability) ... ok
test_server_query_uses_configured_wcl_api_reader_and_never_public_page_reader (tests.app_chickenbro_source_gateway_test.ChickenbroSourceGatewayTest.test_server_query_uses_configured_wcl_api_reader_and_never_public_page_reader) ... ok
test_source_capability_lasts_through_analysis_but_can_still_be_revoked (tests.app_chickenbro_source_gateway_test.ChickenbroSourceGatewayTest.test_source_capability_lasts_through_analysis_but_can_still_be_revoked) ... ok
test_compare_requires_matching_controls_and_owned_completed_results (tests.app_chickenbro_simulation_tools_test.SimulationExperimentTest.test_compare_requires_matching_controls_and_owned_completed_results) ... ok
test_comparison_reports_measured_delta_and_conservative_uncertainty (tests.app_chickenbro_simulation_tools_test.SimulationExperimentTest.test_comparison_reports_measured_delta_and_conservative_uncertainty) ... ok
test_food_change_preserves_owned_base_and_uses_existing_comparison (tests.app_chickenbro_simulation_tools_test.SimulationExperimentTest.test_food_change_preserves_owned_base_and_uses_existing_comparison) ... ok
test_item_search_miss_is_partial_discovery_not_item_or_engine_absence (tests.app_chickenbro_simulation_tools_test.SimulationExperimentTest.test_item_search_miss_is_partial_discovery_not_item_or_engine_absence) ... ok
test_item_search_reuses_owned_snapshot_names_outside_variant_catalog (tests.app_chickenbro_simulation_tools_test.SimulationExperimentTest.test_item_search_reuses_owned_snapshot_names_outside_variant_catalog) ... ok
test_item_search_uses_engine_names_when_localization_is_missing (tests.app_chickenbro_simulation_tools_test.SimulationExperimentTest.test_item_search_uses_engine_names_when_localization_is_missing) ... ok
test_job_returns_owned_character_source_and_talents (tests.app_chickenbro_simulation_tools_test.SimulationExperimentTest.test_job_returns_owned_character_source_and_talents) ... ok
test_preflight_does_not_enqueue_and_exposes_exact_diff (tests.app_chickenbro_simulation_tools_test.SimulationExperimentTest.test_preflight_does_not_enqueue_and_exposes_exact_diff) ... ok
test_talent_preview_submit_followup_and_owner_isolation (tests.app_chickenbro_simulation_tools_test.SimulationExperimentTest.test_talent_preview_submit_followup_and_owner_isolation) ... ok
test_base_job_requires_owned_source_and_recorded_scenario (tests.app_chickenbro_simulation_tools_test.SimulationToolGatewayTest.test_base_job_requires_owned_source_and_recorded_scenario) ... ok
test_budget_shared_between_capabilities_and_idempotent_retry (tests.app_chickenbro_simulation_tools_test.SimulationToolGatewayTest.test_budget_shared_between_capabilities_and_idempotent_retry) ... ok
test_concurrent_retries_enqueue_once_and_prepare_budget_is_bounded (tests.app_chickenbro_simulation_tools_test.SimulationToolGatewayTest.test_concurrent_retries_enqueue_once_and_prepare_budget_is_bounded) ... ok
test_custom_rotation_preview_submit_reuse_and_owner_isolation (tests.app_chickenbro_simulation_tools_test.SimulationToolGatewayTest.test_custom_rotation_preview_submit_reuse_and_owner_isolation) ... ok
test_effective_gear_preserves_known_unenchanted_item_for_rerun (tests.app_chickenbro_simulation_tools_test.SimulationToolGatewayTest.test_effective_gear_preserves_known_unenchanted_item_for_rerun) ... ok
test_failed_preparations_are_deduplicated_and_cannot_exceed_budget (tests.app_chickenbro_simulation_tools_test.SimulationToolGatewayTest.test_failed_preparations_are_deduplicated_and_cannot_exceed_budget) ... ok
test_foreign_owner_cannot_submit_or_read_or_list_jobs (tests.app_chickenbro_simulation_tools_test.SimulationToolGatewayTest.test_foreign_owner_cannot_submit_or_read_or_list_jobs) ... ok
test_invalid_arguments_and_identity_injection_have_no_side_effects (tests.app_chickenbro_simulation_tools_test.SimulationToolGatewayTest.test_invalid_arguments_and_identity_injection_have_no_side_effects) ... ok
test_invalid_expired_and_revoked_capabilities_cannot_act (tests.app_chickenbro_simulation_tools_test.SimulationToolGatewayTest.test_invalid_expired_and_revoked_capabilities_cannot_act) ... ok
test_job_reuses_validated_report_attributes_for_food_effect_checks (tests.app_chickenbro_simulation_tools_test.SimulationToolGatewayTest.test_job_reuses_validated_report_attributes_for_food_effect_checks) ... ok
test_legacy_job_without_scenario_is_explicitly_limited (tests.app_chickenbro_simulation_tools_test.SimulationToolGatewayTest.test_legacy_job_without_scenario_is_explicitly_limited) ... ok
test_new_run_can_identify_baseline_and_gem_variant_from_persisted_jobs (tests.app_chickenbro_simulation_tools_test.SimulationToolGatewayTest.test_new_run_can_identify_baseline_and_gem_variant_from_persisted_jobs) ... ok
test_polling_rechecks_revocation (tests.app_chickenbro_simulation_tools_test.SimulationToolGatewayTest.test_polling_rechecks_revocation) ... ok
test_polling_stops_at_bound_and_does_not_invent_results (tests.app_chickenbro_simulation_tools_test.SimulationToolGatewayTest.test_polling_stops_at_bound_and_does_not_invent_results) ... ok
test_preparation_is_deduplicated_and_projects_real_gems (tests.app_chickenbro_simulation_tools_test.SimulationToolGatewayTest.test_preparation_is_deduplicated_and_projects_real_gems) ... ok
test_rerun_by_job_id_preserves_scenario_and_checks_owner (tests.app_chickenbro_simulation_tools_test.SimulationToolGatewayTest.test_rerun_by_job_id_preserves_scenario_and_checks_owner) ... ok
test_result_exposes_only_profile_bound_enchant_input_proof (tests.app_chickenbro_simulation_tools_test.SimulationToolGatewayTest.test_result_exposes_only_profile_bound_enchant_input_proof) ... ok
test_success_requires_semantic_result_and_returns_only_safe_fields (tests.app_chickenbro_simulation_tools_test.SimulationToolGatewayTest.test_success_requires_semantic_result_and_returns_only_safe_fields) ... ok
test_uncertain_submission_retains_budget_and_retries_idempotently (tests.app_chickenbro_simulation_tools_test.SimulationToolGatewayTest.test_uncertain_submission_retains_budget_and_retries_idempotently) ... ok
test_character_parses_real_top_level_talent_loadout_by_entry_index (tests.app_chickenbro_raiderio_research_test.RaiderIOResearchTest.test_character_parses_real_top_level_talent_loadout_by_entry_index) ... ok
test_character_rejects_malicious_url_and_upstream_identity_mismatch (tests.app_chickenbro_raiderio_research_test.RaiderIOResearchTest.test_character_rejects_malicious_url_and_upstream_identity_mismatch) ... ok
test_character_uses_fixed_api_and_preserves_safe_analysis_fields (tests.app_chickenbro_raiderio_research_test.RaiderIOResearchTest.test_character_uses_fixed_api_and_preserves_safe_analysis_fields) ... ok
test_characters_caps_batch_and_concurrency_at_three (tests.app_chickenbro_raiderio_research_test.RaiderIOResearchTest.test_characters_caps_batch_and_concurrency_at_three) ... ok
test_characters_deduplicates_and_preserves_partial_results (tests.app_chickenbro_raiderio_research_test.RaiderIOResearchTest.test_characters_deduplicates_and_preserves_partial_results) ... ok
test_current_season_discovery_respects_requested_region (tests.app_chickenbro_raiderio_research_test.RaiderIOResearchTest.test_current_season_discovery_respects_requested_region) ... ok
test_empty_projection_reports_no_sample_or_continuation (tests.app_chickenbro_raiderio_research_test.RaiderIOResearchTest.test_empty_projection_reports_no_sample_or_continuation) ... ok
test_ranking_canonical_url_can_be_passed_directly_to_character_batch (tests.app_chickenbro_raiderio_research_test.RaiderIOResearchTest.test_ranking_canonical_url_can_be_passed_directly_to_character_batch) ... ok
test_rankings_discovers_current_season_and_returns_cursor_with_bounded_projection (tests.app_chickenbro_raiderio_research_test.RaiderIOResearchTest.test_rankings_discovers_current_season_and_returns_cursor_with_bounded_projection) ... ok
test_rankings_does_not_label_empty_upstream_data_as_a_source_reference (tests.app_chickenbro_raiderio_research_test.RaiderIOResearchTest.test_rankings_does_not_label_empty_upstream_data_as_a_source_reference) ... ok
test_rankings_historical_short_page_has_no_next_cursor (tests.app_chickenbro_raiderio_research_test.RaiderIOResearchTest.test_rankings_historical_short_page_has_no_next_cursor) ... ok
test_rankings_rejects_unknown_options_wrong_types_and_mismatched_class_spec (tests.app_chickenbro_raiderio_research_test.RaiderIOResearchTest.test_rankings_rejects_unknown_options_wrong_types_and_mismatched_class_spec) ... ok
test_rankings_traverses_every_slice_of_a_short_final_upstream_page (tests.app_chickenbro_raiderio_research_test.RaiderIOResearchTest.test_rankings_traverses_every_slice_of_a_short_final_upstream_page) ... ok
test_rankings_treats_untrusted_season_url_and_wrong_spec_rows_as_unusable (tests.app_chickenbro_raiderio_research_test.RaiderIOResearchTest.test_rankings_treats_untrusted_season_url_and_wrong_spec_rows_as_unusable) ... ok
test_untrusted_non_finite_numbers_do_not_escape_into_json_packet (tests.app_chickenbro_raiderio_research_test.RaiderIOResearchTest.test_untrusted_non_finite_numbers_do_not_escape_into_json_packet) ... ok
test_alias_resolution_keeps_other_realm_region_name_and_url_rejected (tests.app_chickenbro_raiderio_research_test.RealmIdentityRegressionTest.test_alias_resolution_keeps_other_realm_region_name_and_url_rejected) ... ok
test_alias_service_failure_is_not_a_false_identity_mismatch (tests.app_chickenbro_raiderio_research_test.RealmIdentityRegressionTest.test_alias_service_failure_is_not_a_false_identity_mismatch) ... ok
test_display_name_slug_and_verified_chinese_alias (tests.app_chickenbro_raiderio_research_test.RealmIdentityRegressionTest.test_display_name_slug_and_verified_chinese_alias) ... ok
test_access_challenge_is_partial_without_evidence (tests.app_chickenbro_public_web_test.ChickenbroPublicWebResearchTest.test_access_challenge_is_partial_without_evidence) ... ok
test_article_discussing_challenge_terms_is_not_itself_a_challenge (tests.app_chickenbro_public_web_test.ChickenbroPublicWebResearchTest.test_article_discussing_challenge_terms_is_not_itself_a_challenge) ... ok
test_cache_cardinality_and_inflight_state_are_bounded (tests.app_chickenbro_public_web_test.ChickenbroPublicWebResearchTest.test_cache_cardinality_and_inflight_state_are_bounded) ... ok
test_cache_key_includes_start_and_match_and_is_deterministic (tests.app_chickenbro_public_web_test.ChickenbroPublicWebResearchTest.test_cache_key_includes_start_and_match_and_is_deterministic) ... ok
test_configured_proxy_tunnels_to_pinned_ip_and_keeps_origin_tls (tests.app_chickenbro_public_web_test.ChickenbroPublicWebResearchTest.test_configured_proxy_tunnels_to_pinned_ip_and_keeps_origin_tls) ... ok
test_continuation_metadata_reassembles_full_extracted_content (tests.app_chickenbro_public_web_test.ChickenbroPublicWebResearchTest.test_continuation_metadata_reassembles_full_extracted_content) ... ok
test_default_reader_bounds_dns_resolution_time (tests.app_chickenbro_public_web_test.ChickenbroPublicWebResearchTest.test_default_reader_bounds_dns_resolution_time) ... ok
test_default_reader_enforces_overall_deadline (tests.app_chickenbro_public_web_test.ChickenbroPublicWebResearchTest.test_default_reader_enforces_overall_deadline) ... ok
test_default_reader_interrupts_response_headers_at_deadline (tests.app_chickenbro_public_web_test.ChickenbroPublicWebResearchTest.test_default_reader_interrupts_response_headers_at_deadline) ... ok
test_default_reader_refuses_redirect_and_oversize_response (tests.app_chickenbro_public_web_test.ChickenbroPublicWebResearchTest.test_default_reader_refuses_redirect_and_oversize_response) ... ok
test_default_reader_rejects_non_public_and_multicast_dns (tests.app_chickenbro_public_web_test.ChickenbroPublicWebResearchTest.test_default_reader_rejects_non_public_and_multicast_dns) ... ok
test_default_reader_rejects_private_dns_before_connecting (tests.app_chickenbro_public_web_test.ChickenbroPublicWebResearchTest.test_default_reader_rejects_private_dns_before_connecting) ... ok
test_empty_body_and_read_error_are_distinct (tests.app_chickenbro_public_web_test.ChickenbroPublicWebResearchTest.test_empty_body_and_read_error_are_distinct) ... ok
test_invalid_offset_match_and_target_have_specific_reason_codes (tests.app_chickenbro_public_web_test.ChickenbroPublicWebResearchTest.test_invalid_offset_match_and_target_have_specific_reason_codes) ... ok
test_invalid_proxy_configuration_fails_closed_without_direct_connection (tests.app_chickenbro_public_web_test.ChickenbroPublicWebResearchTest.test_invalid_proxy_configuration_fails_closed_without_direct_connection) ... ok
test_javascript_shell_is_partial_without_evidence (tests.app_chickenbro_public_web_test.ChickenbroPublicWebResearchTest.test_javascript_shell_is_partial_without_evidence) ... ok
test_long_navigation_before_article_does_not_hide_relevant_body (tests.app_chickenbro_public_web_test.ChickenbroPublicWebResearchTest.test_long_navigation_before_article_does_not_hide_relevant_body) ... ok
test_match_starts_snapshot_at_relevant_term (tests.app_chickenbro_public_web_test.ChickenbroPublicWebResearchTest.test_match_starts_snapshot_at_relevant_term) ... ok
test_missing_match_returns_explicit_partial_without_evidence (tests.app_chickenbro_public_web_test.ChickenbroPublicWebResearchTest.test_missing_match_returns_explicit_partial_without_evidence) ... ok
test_multiple_failed_hits_keep_reason_and_metadata_from_same_page (tests.app_chickenbro_public_web_test.ChickenbroPublicWebResearchTest.test_multiple_failed_hits_keep_reason_and_metadata_from_same_page) ... ok
test_no_proxy_preserves_direct_pinned_connection (tests.app_chickenbro_public_web_test.ChickenbroPublicWebResearchTest.test_no_proxy_preserves_direct_pinned_connection) ... ok
test_page_made_only_of_navigation_links_has_no_facts (tests.app_chickenbro_public_web_test.ChickenbroPublicWebResearchTest.test_page_made_only_of_navigation_links_has_no_facts) ... ok
test_script_challenge_token_does_not_poison_visible_article (tests.app_chickenbro_public_web_test.ChickenbroPublicWebResearchTest.test_script_challenge_token_does_not_poison_visible_article) ... ok
test_short_substantive_article_is_valid (tests.app_chickenbro_public_web_test.ChickenbroPublicWebResearchTest.test_short_substantive_article_is_valid) ... ok
test_start_at_or_after_end_returns_position_metadata (tests.app_chickenbro_public_web_test.ChickenbroPublicWebResearchTest.test_start_at_or_after_end_returns_position_metadata) ... ok
test_cn_link_keeps_fight_and_actor_and_returns_analysis_data (tests.app_chickenbro_wcl_source_test.ChickenbroWclSourceTest.test_cn_link_keeps_fight_and_actor_and_returns_analysis_data) ... ok
test_context_and_followup_events_are_available_without_losing_cursor (tests.app_chickenbro_wcl_source_test.ChickenbroWclSourceTest.test_context_and_followup_events_are_available_without_losing_cursor) ... ok
test_continuation_without_end_resolves_fight_boundary_before_query (tests.app_chickenbro_wcl_source_test.ChickenbroWclSourceTest.test_continuation_without_end_resolves_fight_boundary_before_query) ... ok
test_event_view_omits_heavy_tables_but_preserves_scope_and_cursor (tests.app_chickenbro_wcl_source_test.ChickenbroWclSourceTest.test_event_view_omits_heavy_tables_but_preserves_scope_and_cursor) ... ok
test_graphql_auth_rejection_invalidates_without_retry (tests.app_chickenbro_wcl_source_test.ChickenbroWclSourceTest.test_graphql_auth_rejection_invalidates_without_retry) ... ok
test_graphql_never_extends_run_reader_budget (tests.app_chickenbro_wcl_source_test.ChickenbroWclSourceTest.test_graphql_never_extends_run_reader_budget) ... ok
test_graphql_oauth_and_fetch_share_exact_remaining_deadline (tests.app_chickenbro_wcl_source_test.ChickenbroWclSourceTest.test_graphql_oauth_and_fetch_share_exact_remaining_deadline) ... ok
test_invalid_event_options_do_not_call_upstream (tests.app_chickenbro_wcl_source_test.ChickenbroWclSourceTest.test_invalid_event_options_do_not_call_upstream) ... ok
test_overview_does_not_fetch_events_or_claim_event_completion (tests.app_chickenbro_wcl_source_test.ChickenbroWclSourceTest.test_overview_does_not_fetch_events_or_claim_event_completion) ... ok
test_overview_rejects_window_filters_instead_of_returning_whole_fight_silently (tests.app_chickenbro_wcl_source_test.ChickenbroWclSourceTest.test_overview_rejects_window_filters_instead_of_returning_whole_fight_silently) ... ok
test_reader_fetches_oauth_and_bounded_graphql_evidence (tests.app_chickenbro_wcl_source_test.ChickenbroWclSourceTest.test_reader_fetches_oauth_and_bounded_graphql_evidence) ... ok
test_reader_redacts_secret_from_api_failure (tests.app_chickenbro_wcl_source_test.ChickenbroWclSourceTest.test_reader_redacts_secret_from_api_failure) ... ok
test_statistics_bound_distinct_groups_and_disclose_omission (tests.app_chickenbro_wcl_source_test.ChickenbroWclSourceTest.test_statistics_bound_distinct_groups_and_disclose_omission) ... ok
test_statistics_deadline_bounds_the_upstream_request (tests.app_chickenbro_wcl_source_test.ChickenbroWclSourceTest.test_statistics_deadline_bounds_the_upstream_request) ... ok
test_statistics_invalid_cursor_and_truncated_fields_stop_without_false_totals (tests.app_chickenbro_wcl_source_test.ChickenbroWclSourceTest.test_statistics_invalid_cursor_and_truncated_fields_stop_without_false_totals) ... ok
test_statistics_later_failure_preserves_only_observed_subtotal (tests.app_chickenbro_wcl_source_test.ChickenbroWclSourceTest.test_statistics_later_failure_preserves_only_observed_subtotal) ... ok
test_statistics_page_budget_and_missing_values_never_claim_complete (tests.app_chickenbro_wcl_source_test.ChickenbroWclSourceTest.test_statistics_page_budget_and_missing_values_never_claim_complete) ... ok
test_statistics_preserve_identical_simultaneous_casts (tests.app_chickenbro_wcl_source_test.ChickenbroWclSourceTest.test_statistics_preserve_identical_simultaneous_casts) ... ok
test_statistics_refuse_window_outside_the_selected_fight (tests.app_chickenbro_wcl_source_test.ChickenbroWclSourceTest.test_statistics_refuse_window_outside_the_selected_fight) ... ok
test_unfiltered_report_tables_are_not_attributed_to_first_fight (tests.app_chickenbro_wcl_source_test.ChickenbroWclSourceTest.test_unfiltered_report_tables_are_not_attributed_to_first_fight) ... ok
test_window_statistics_follow_pages_and_keep_half_open_scope (tests.app_chickenbro_wcl_source_test.ChickenbroWclSourceTest.test_window_statistics_follow_pages_and_keep_half_open_scope) ... ok
test_bare_report_only_queries_metadata_and_requests_selection (tests.app_chickenbro_wcl_source_test.ReportDiscoveryRegressionTest.test_bare_report_only_queries_metadata_and_requests_selection) ... ok
test_display_normalization_preserves_url_security_and_identity_checks (tests.app_chickenbro_wcl_source_test.ReportDiscoveryRegressionTest.test_display_normalization_preserves_url_security_and_identity_checks) ... ok
test_explicit_window_keeps_scoped_query (tests.app_chickenbro_wcl_source_test.ReportDiscoveryRegressionTest.test_explicit_window_keeps_scoped_query) ... ok
test_graphql_partial_data_retains_metadata_and_error (tests.app_chickenbro_wcl_source_test.ReportDiscoveryRegressionTest.test_graphql_partial_data_retains_metadata_and_error) ... ok
test_partial_statistics_reach_gateway_without_becoming_verified (tests.app_chickenbro_wcl_source_test.ReportDiscoveryRegressionTest.test_partial_statistics_reach_gateway_without_becoming_verified) ... ok
test_permission_error_without_data_stays_blocked (tests.app_chickenbro_wcl_source_test.ReportDiscoveryRegressionTest.test_permission_error_without_data_stays_blocked) ... ok
test_wcl_display_parameters_are_canonicalized_before_gateway_validation (tests.app_chickenbro_wcl_source_test.ReportDiscoveryRegressionTest.test_wcl_display_parameters_are_canonicalized_before_gateway_validation) ... ok
test_auth_invalidation_is_exact_and_does_not_evict_new_token (tests.app_chickenbro_oauth_cache_test.CacheTests.test_auth_invalidation_is_exact_and_does_not_evict_new_token) ... ok
test_expiry_rotation_endpoint_opener_and_legacy_uncached (tests.app_chickenbro_oauth_cache_test.CacheTests.test_expiry_rotation_endpoint_opener_and_legacy_uncached) ... ok
test_invalid_expiry_never_cached (tests.app_chickenbro_oauth_cache_test.CacheTests.test_invalid_expiry_never_cached) ... ok
test_lock_wait_respects_budget_and_cache_bound (tests.app_chickenbro_oauth_cache_test.CacheTests.test_lock_wait_respects_budget_and_cache_bound) ... ok
test_retry_classification_no_failure_cache (tests.app_chickenbro_oauth_cache_test.CacheTests.test_retry_classification_no_failure_cache) ... ok
test_retry_remaining_deadline_and_no_third_attempt (tests.app_chickenbro_oauth_cache_test.CacheTests.test_retry_remaining_deadline_and_no_third_attempt) ... ok
test_rotation_invalidates_previous_secret_and_legacy_never_retries (tests.app_chickenbro_oauth_cache_test.CacheTests.test_rotation_invalidates_previous_secret_and_legacy_never_retries) ... ok
test_singleflight (tests.app_chickenbro_oauth_cache_test.CacheTests.test_singleflight) ... ok
test_legacy_normalization_remains_exact (tests.app_simc_workbench_test.WorkbenchScenarioTest.test_legacy_normalization_remains_exact) ... ok
test_options_reach_profile_and_change_identity (tests.app_simc_workbench_test.WorkbenchScenarioTest.test_options_reach_profile_and_change_identity) ... ok
test_rejects_unsupported_style_and_wrong_types (tests.app_simc_workbench_test.WorkbenchScenarioTest.test_rejects_unsupported_style_and_wrong_types) ... ok
test_equipment_scenario_is_opt_in_for_older_web_clients (tests.app_simc_workbench_api_test.WorkbenchApiTest.test_equipment_scenario_is_opt_in_for_older_web_clients) ... ok
test_localized_names_share_owner_scoped_results_and_keep_legacy_shape (tests.app_simc_workbench_api_test.WorkbenchApiTest.test_localized_names_share_owner_scoped_results_and_keep_legacy_shape) ... /opt/chickenbro-runtime/lib/python3.12/site-packages/starlette/testclient.py:455: DeprecationWarning: Setting per-request cookies=<...> is being deprecated, because the expected behaviour on cookie persistence is ambiguous. Set cookies directly on the client instance instead.
  return super().request(
ok
test_opt_in_character_and_task_context_preserves_old_contract (tests.app_simc_workbench_api_test.WorkbenchApiTest.test_opt_in_character_and_task_context_preserves_old_contract) ... ok
test_runtime_requires_authentication (tests.app_simc_workbench_api_test.WorkbenchApiTest.test_runtime_requires_authentication) ... ok
test_talent_scenario_is_opt_in_without_breaking_older_clients (tests.app_simc_workbench_api_test.WorkbenchApiTest.test_talent_scenario_is_opt_in_without_breaking_older_clients) ... ok
test_workbench_preserves_valid_legacy_metric_error_without_expanding_legacy_response (tests.app_simc_workbench_api_test.WorkbenchApiTest.test_workbench_preserves_valid_legacy_metric_error_without_expanding_legacy_response) ... ok
test_ambiguous_alias_does_not_pick_one_candidate (tests.app_simulation_localization_test.SimulationLocalizationTest.test_ambiguous_alias_does_not_pick_one_candidate) ... ok
test_catalog_loader_checks_hash_build_and_locale (tests.app_simulation_localization_test.SimulationLocalizationTest.test_catalog_loader_checks_hash_build_and_locale) ... ok
test_coverage_rejects_changed_html_and_mismatched_runtime_identity (tests.app_simulation_localization_test.SimulationLocalizationTest.test_coverage_rejects_changed_html_and_mismatched_runtime_identity) ... ok
test_healing_and_absorption_identities_follow_the_healing_metric (tests.app_simulation_localization_test.SimulationLocalizationTest.test_healing_and_absorption_identities_follow_the_healing_metric) ... ok
test_html_embedded_report_templates_preserve_safe_npc_metadata (tests.app_simulation_localization_test.SimulationLocalizationTest.test_html_embedded_report_templates_preserve_safe_npc_metadata) ... ok
test_id_takes_precedence_over_an_unrelated_internal_alias (tests.app_simulation_localization_test.SimulationLocalizationTest.test_id_takes_precedence_over_an_unrelated_internal_alias) ... ok
test_identity_cannot_be_reordered_or_attached_to_another_report (tests.app_simulation_localization_test.SimulationLocalizationTest.test_identity_cannot_be_reordered_or_attached_to_another_report) ... ok
test_ids_and_children_survive_without_adding_child_damage (tests.app_simulation_localization_test.SimulationLocalizationTest.test_ids_and_children_survive_without_adding_child_damage) ... ok
test_known_legacy_report_keeps_verified_names_without_inventing_ids (tests.app_simulation_localization_test.SimulationLocalizationTest.test_known_legacy_report_keeps_verified_names_without_inventing_ids) ... ok
test_legacy_names_are_distinct_from_verified_ids (tests.app_simulation_localization_test.SimulationLocalizationTest.test_legacy_names_are_distinct_from_verified_ids) ... ok
test_missing_id_never_reuses_a_different_spell_alias (tests.app_simulation_localization_test.SimulationLocalizationTest.test_missing_id_never_reuses_a_different_spell_alias) ... ok
test_parser_keeps_private_identifiers_without_expanding_the_v1_report (tests.app_simulation_localization_test.SimulationLocalizationTest.test_parser_keeps_private_identifiers_without_expanding_the_v1_report) ... ok
test_pet_ids_are_extracted_only_from_unambiguous_simc_links (tests.app_simulation_localization_test.SimulationLocalizationTest.test_pet_ids_are_extracted_only_from_unambiguous_simc_links) ... ok
test_pet_source_is_kept_separate_from_the_player_spell (tests.app_simulation_localization_test.SimulationLocalizationTest.test_pet_source_is_kept_separate_from_the_player_spell) ... ok
test_public_localization_is_opt_in_and_does_not_mutate_persisted_metrics (tests.app_simulation_localization_test.SimulationLocalizationTest.test_public_localization_is_opt_in_and_does_not_mutate_persisted_metrics) ... ok
test_sidecar_cannot_be_reused_for_other_metrics_with_the_same_tokens (tests.app_simulation_localization_test.SimulationLocalizationTest.test_sidecar_cannot_be_reused_for_other_metrics_with_the_same_tokens) ... ok
test_version_bound_rules_never_mistake_auto_attack_markers_for_game_spells (tests.app_simulation_localization_test.SimulationLocalizationTest.test_version_bound_rules_never_mistake_auto_attack_markers_for_game_spells) ... ok
test_wrong_build_is_not_silently_filled_from_current_names (tests.app_simulation_localization_test.SimulationLocalizationTest.test_wrong_build_is_not_silently_filled_from_current_names) ... ok
test_actor_mismatch_duplicates_and_nonfinite_metrics_fail (tests.app_simulation_report_test.SimulationReportTest.test_actor_mismatch_duplicates_and_nonfinite_metrics_fail) ... ok
test_aggregated_ability_portions_use_matching_compound_amounts (tests.app_simulation_report_test.SimulationReportTest.test_aggregated_ability_portions_use_matching_compound_amounts) ... ok
test_arrays_strings_and_json_size_are_bounded (tests.app_simulation_report_test.SimulationReportTest.test_arrays_strings_and_json_size_are_bounded) ... ok
test_augmentation_selects_owner_not_simplified_teammates_and_preserves_identity (tests.app_simulation_report_test.SimulationReportTest.test_augmentation_selects_owner_not_simplified_teammates_and_preserves_identity) ... ok
test_buff_without_reported_uptime_is_omitted_and_explicit_zero_preserved (tests.app_simulation_report_test.SimulationReportTest.test_buff_without_reported_uptime_is_omitted_and_explicit_zero_preserved) ... ok
test_canonical_attribute_percentages_are_scaled_without_changing_ratings (tests.app_simulation_report_test.SimulationReportTest.test_canonical_attribute_percentages_are_scaled_without_changing_ratings) ... ok
test_crit_rounding_at_one_hundred_remains_valid (tests.app_simulation_report_test.SimulationReportTest.test_crit_rounding_at_one_hundred_remains_valid) ... ok
test_derived_error_percentage_cannot_overflow_into_persisted_result (tests.app_simulation_report_test.SimulationReportTest.test_derived_error_percentage_cannot_overflow_into_persisted_result) ... ok
test_healer_uses_hps_and_missing_optional_fields_stay_absent (tests.app_simulation_report_test.SimulationReportTest.test_healer_uses_hps_and_missing_optional_fields_stay_absent) ... ok
test_json_metric_survives_truncated_text (tests.app_simulation_report_test.SimulationReportTest.test_json_metric_survives_truncated_text) ... ok
test_oversized_output_and_identity_changes_cannot_publish_json (tests.app_simulation_report_test.SimulationReportTest.test_oversized_output_and_identity_changes_cannot_publish_json) ... ok
test_persisted_report_canonicalization_is_narrow_and_does_not_mutate (tests.app_simulation_report_test.SimulationReportTest.test_persisted_report_canonicalization_is_narrow_and_does_not_mutate) ... ok
test_persisted_report_validator_rejects_extra_keys_and_invalid_nested_data (tests.app_simulation_report_test.SimulationReportTest.test_persisted_report_validator_rejects_extra_keys_and_invalid_nested_data) ... ok
test_real_json_execution_does_not_fallback_to_successful_text (tests.app_simulation_report_test.SimulationReportTest.test_real_json_execution_does_not_fallback_to_successful_text) ... ok
test_real_json_shape_normalizes_actor_metric_units_and_details (tests.app_simulation_report_test.SimulationReportTest.test_real_json_shape_normalizes_actor_metric_units_and_details) ... ok
test_runner_missing_report_and_timeout_are_explicit_failures (tests.app_simulation_report_test.SimulationReportTest.test_runner_missing_report_and_timeout_are_explicit_failures) ... ok
test_runner_private_output_is_read_then_removed (tests.app_simulation_report_test.SimulationReportTest.test_runner_private_output_is_read_then_removed) ... ok
test_worker_refuses_changed_managed_binary_identity (tests.app_simulation_report_test.SimulationReportTest.test_worker_refuses_changed_managed_binary_identity) ... ok
test_invalid_identity_and_revision_never_probe_binary (tests.app_simulation_runtime_info_test.SimulationRuntimeInfoTest.test_invalid_identity_and_revision_never_probe_binary) ... ok
test_probe_timeout_and_missing_banner_remain_unavailable (tests.app_simulation_runtime_info_test.SimulationRuntimeInfoTest.test_probe_timeout_and_missing_banner_remain_unavailable) ... ok
test_verified_binary_banner_is_exposed_and_cached (tests.app_simulation_runtime_info_test.SimulationRuntimeInfoTest.test_verified_binary_banner_is_exposed_and_cached) ... ok
test_all_public_provenance_fields_are_required_and_bound (tests.app_simulation_application_test.PublicSimulationResultValidationTest.test_all_public_provenance_fields_are_required_and_bound) ... ok
test_completion_refresh_is_bounded_and_preserves_identity_validation (tests.app_simulation_application_test.PublicSimulationResultValidationTest.test_completion_refresh_is_bounded_and_preserves_identity_validation) ... ok
test_list_jobs_handles_completion_without_losing_owned_result (tests.app_simulation_application_test.PublicSimulationResultValidationTest.test_list_jobs_handles_completion_without_losing_owned_result) ... ok
test_public_report_canonicalizes_historical_rounding_without_mutating_storage (tests.app_simulation_application_test.PublicSimulationResultValidationTest.test_public_report_canonicalizes_historical_rounding_without_mutating_storage) ... ok
test_read_job_handles_completion_between_job_and_result_reads (tests.app_simulation_application_test.PublicSimulationResultValidationTest.test_read_job_handles_completion_between_job_and_result_reads) ... ok
test_result_identity_metric_and_revisions_must_match_the_job (tests.app_simulation_application_test.PublicSimulationResultValidationTest.test_result_identity_metric_and_revisions_must_match_the_job) ... ok
test_result_provenance_column_and_source_snapshot_must_match (tests.app_simulation_application_test.PublicSimulationResultValidationTest.test_result_provenance_column_and_source_snapshot_must_match) ... ok
test_stable_completed_job_does_not_refresh_and_rejects_corrupt_metric (tests.app_simulation_application_test.PublicSimulationResultValidationTest.test_stable_completed_job_does_not_refresh_and_rejects_corrupt_metric) ... ok
test_terminal_status_and_result_presence_must_agree (tests.app_simulation_application_test.PublicSimulationResultValidationTest.test_terminal_status_and_result_presence_must_agree) ... ok
test_valid_result_returns_only_the_bound_public_provenance (tests.app_simulation_application_test.PublicSimulationResultValidationTest.test_valid_result_returns_only_the_bound_public_provenance) ... ok
test_concurrent_idempotency_conflict_is_rechecked_after_atomic_insert (tests.app_simulation_application_test.SimulationApplicationTest.test_concurrent_idempotency_conflict_is_rechecked_after_atomic_insert) ... ok
test_idempotency_key_contract_matches_the_typed_clients (tests.app_simulation_application_test.SimulationApplicationTest.test_idempotency_key_contract_matches_the_typed_clients) ... ok
test_incomplete_snapshot_is_saved_for_explanation_but_cannot_enter_queue (tests.app_simulation_application_test.SimulationApplicationTest.test_incomplete_snapshot_is_saved_for_explanation_but_cannot_enter_queue) ... ok
test_invalid_job_cursor_fails_before_repository_query (tests.app_simulation_application_test.SimulationApplicationTest.test_invalid_job_cursor_fails_before_repository_query) ... ok
test_job_scenario_rejects_corrupt_persisted_payload_bindings (tests.app_simulation_application_test.SimulationApplicationTest.test_job_scenario_rejects_corrupt_persisted_payload_bindings) ... ok
test_job_scenario_survives_application_restart_and_is_owner_scoped (tests.app_simulation_application_test.SimulationApplicationTest.test_job_scenario_survives_application_restart_and_is_owner_scoped) ... ok
test_legacy_job_without_queue_payload_remains_readable_without_invented_scenario (tests.app_simulation_application_test.SimulationApplicationTest.test_legacy_job_without_queue_payload_remains_readable_without_invented_scenario) ... ok
test_other_owner_cannot_read_or_submit_snapshot (tests.app_simulation_application_test.SimulationApplicationTest.test_other_owner_cannot_read_or_submit_snapshot) ... ok
test_ready_source_can_submit_by_reference_and_is_idempotent (tests.app_simulation_application_test.SimulationApplicationTest.test_ready_source_can_submit_by_reference_and_is_idempotent) ... ok
test_same_idempotency_key_rejects_changed_scenario (tests.app_simulation_application_test.SimulationApplicationTest.test_same_idempotency_key_rejects_changed_scenario) ... ok
test_same_idempotency_key_rejects_changed_snapshot (tests.app_simulation_application_test.SimulationApplicationTest.test_same_idempotency_key_rejects_changed_snapshot) ... ok
test_same_owner_job_history_is_stable_across_pages (tests.app_simulation_application_test.SimulationApplicationTest.test_same_owner_job_history_is_stable_across_pages) ... ok
test_wcl_import_is_rejected_before_provider_or_persistence (tests.app_simulation_application_test.SimulationApplicationTest.test_wcl_import_is_rejected_before_provider_or_persistence) ... ok
test_atomic_idempotency_race_returns_existing_without_second_queue_row (tests.app_simulation_application_test.SimulationRepositoryOwnerTest.test_atomic_idempotency_race_returns_existing_without_second_queue_row) ... ok
test_job_and_queue_are_inserted_on_one_connection_transaction (tests.app_simulation_application_test.SimulationRepositoryOwnerTest.test_job_and_queue_are_inserted_on_one_connection_transaction) ... ok
test_job_payload_query_binds_queue_identity_and_owner (tests.app_simulation_application_test.SimulationRepositoryOwnerTest.test_job_payload_query_binds_queue_identity_and_owner) ... ok
test_postgres_job_history_uses_owner_scoped_keyset_query (tests.app_simulation_application_test.SimulationRepositoryOwnerTest.test_postgres_job_history_uses_owner_scoped_keyset_query) ... ok
test_postgres_result_read_materializes_the_independent_provenance_column (tests.app_simulation_application_test.SimulationRepositoryOwnerTest.test_postgres_result_read_materializes_the_independent_provenance_column) ... ok
test_snapshot_revision_and_insert_share_one_user_locked_transaction (tests.app_simulation_application_test.SimulationRepositoryOwnerTest.test_snapshot_revision_and_insert_share_one_user_locked_transaction) ... ok
test_cn_details_identity_mismatch_never_fills_level (tests.app_simulation_sources_test.SimulationSourcesTest.test_cn_details_identity_mismatch_never_fills_level) ... ok
test_current_ranking_fills_explicit_level_and_binds_both_metadata_inputs (tests.app_simulation_sources_test.SimulationSourcesTest.test_current_ranking_fills_explicit_level_and_binds_both_metadata_inputs) ... ok
test_default_wcl_router_uses_server_oauth_without_static_access_token (tests.app_simulation_sources_test.SimulationSourcesTest.test_default_wcl_router_uses_server_oauth_without_static_access_token) ... ok
test_giannis_cn_profile_gets_explicit_level_from_verified_character_details (tests.app_simulation_sources_test.SimulationSourcesTest.test_giannis_cn_profile_gets_explicit_level_from_verified_character_details) ... ok
test_official_profile_failure_never_guesses_missing_fields (tests.app_simulation_sources_test.SimulationSourcesTest.test_official_profile_failure_never_guesses_missing_fields) ... ok
test_official_profile_fills_any_missing_identity_field_without_overwriting_primary_values (tests.app_simulation_sources_test.SimulationSourcesTest.test_official_profile_fills_any_missing_identity_field_without_overwriting_primary_values) ... ok
test_official_profile_identity_mismatch_is_rejected_without_merging (tests.app_simulation_sources_test.SimulationSourcesTest.test_official_profile_identity_mismatch_is_rejected_without_merging) ... ok
test_official_profile_supports_legacy_headerless_http_clients (tests.app_simulation_sources_test.SimulationSourcesTest.test_official_profile_supports_legacy_headerless_http_clients) ... ok
test_official_profile_uses_lowercase_character_slug_for_blizzard_lookup (tests.app_simulation_sources_test.SimulationSourcesTest.test_official_profile_uses_lowercase_character_slug_for_blizzard_lookup) ... ok
test_present_primary_level_and_unsupported_region_do_not_use_rankings (tests.app_simulation_sources_test.SimulationSourcesTest.test_present_primary_level_and_unsupported_region_do_not_use_rankings) ... ok
test_raiderio_adapter_maps_only_source_present_fields (tests.app_simulation_sources_test.SimulationSourcesTest.test_raiderio_adapter_maps_only_source_present_fields) ... ok
test_raiderio_adapter_normalizes_real_source_and_retains_hash_provenance (tests.app_simulation_sources_test.SimulationSourcesTest.test_raiderio_adapter_normalizes_real_source_and_retains_hash_provenance) ... ok
test_raiderio_last_crawled_at_is_a_bounded_source_revision (tests.app_simulation_sources_test.SimulationSourcesTest.test_raiderio_last_crawled_at_is_a_bounded_source_revision) ... ok
test_raiderio_localized_character_url_normalizes_to_the_profile_source (tests.app_simulation_sources_test.SimulationSourcesTest.test_raiderio_localized_character_url_normalizes_to_the_profile_source) ... ok
test_raiderio_missing_level_and_race_are_filled_only_by_exact_official_profile (tests.app_simulation_sources_test.SimulationSourcesTest.test_raiderio_missing_level_and_race_are_filled_only_by_exact_official_profile) ... ok
test_ranking_absence_ambiguity_and_untrusted_season_remain_incomplete (tests.app_simulation_sources_test.SimulationSourcesTest.test_ranking_absence_ambiguity_and_untrusted_season_remain_incomplete) ... ok
test_ranking_fetch_failure_retains_primary_snapshot_and_missing_level (tests.app_simulation_sources_test.SimulationSourcesTest.test_ranking_fetch_failure_retains_primary_snapshot_and_missing_level) ... ok
test_ranking_mismatches_and_invalid_levels_never_fill_missing_level (tests.app_simulation_sources_test.SimulationSourcesTest.test_ranking_mismatches_and_invalid_levels_never_fill_missing_level) ... ok
test_router_rejects_non_https_and_unallowlisted_hosts_without_fetching (tests.app_simulation_sources_test.SimulationSourcesTest.test_router_rejects_non_https_and_unallowlisted_hosts_without_fetching) ... ok
test_source_failures_keep_public_readiness_distinctions (tests.app_simulation_sources_test.SimulationSourcesTest.test_source_failures_keep_public_readiness_distinctions) ... ok
test_talent_export_requires_exact_choices_and_no_duplicate_log_entries (tests.app_simulation_sources_test.SimulationSourcesTest.test_talent_export_requires_exact_choices_and_no_duplicate_log_entries) ... ok
test_wcl_adapter_preserves_report_fight_actor_and_surfaces_incomplete_fields (tests.app_simulation_sources_test.SimulationSourcesTest.test_wcl_adapter_preserves_report_fight_actor_and_surfaces_incomplete_fields) ... ok
test_wcl_fight_survives_current_character_changing_specialization (tests.app_simulation_sources_test.SimulationSourcesTest.test_wcl_fight_survives_current_character_changing_specialization) ... ok
test_wcl_giannis_uses_fight_gear_and_verified_equivalent_talent_export (tests.app_simulation_sources_test.SimulationSourcesTest.test_wcl_giannis_uses_fight_gear_and_verified_equivalent_talent_export) ... ok
test_wcl_grouped_player_details_are_flattened_for_actor_resolution (tests.app_simulation_sources_test.SimulationSourcesTest.test_wcl_grouped_player_details_are_flattened_for_actor_resolution) ... ok
test_wcl_historical_talents_survive_current_character_respec (tests.app_simulation_sources_test.SimulationSourcesTest.test_wcl_historical_talents_survive_current_character_respec) ... ok
test_wcl_metadata_identity_or_level_mismatch_stays_incomplete (tests.app_simulation_sources_test.SimulationSourcesTest.test_wcl_metadata_identity_or_level_mismatch_stays_incomplete) ... ok
test_wcl_talent_change_never_silently_uses_current_profile_talents (tests.app_simulation_sources_test.SimulationSourcesTest.test_wcl_talent_change_never_silently_uses_current_profile_talents) ... ok
test_wcl_token_access_and_provider_failures_remain_distinct (tests.app_simulation_sources_test.SimulationSourcesTest.test_wcl_token_access_and_provider_failures_remain_distinct) ... ok
test_wcl_wrong_event_spec_cannot_use_current_export (tests.app_simulation_sources_test.SimulationSourcesTest.test_wcl_wrong_event_spec_cannot_use_current_export) ... ok
test_wcl_wrong_fight_or_actor_event_cannot_supply_gear (tests.app_simulation_sources_test.SimulationSourcesTest.test_wcl_wrong_fight_or_actor_event_cannot_supply_gear) ... ok
test_log_order_and_current_talent_export_are_irrelevant (tests.app_wcl_talents_test.WclTalentReconstructionTest.test_log_order_and_current_talent_export_are_irrelevant) ... ok
test_matches_independent_cloud_engine_export_including_apex_and_choices (tests.app_wcl_talents_test.WclTalentReconstructionTest.test_matches_independent_cloud_engine_export_including_apex_and_choices) ... ok
test_missing_catalog_fails_closed_without_source_request_crash (tests.app_wcl_talents_test.WclTalentReconstructionTest.test_missing_catalog_fails_closed_without_source_request_crash) ... ok
test_rejects_incomplete_unknown_duplicate_wrong_class_and_invalid_ranks (tests.app_wcl_talents_test.WclTalentReconstructionTest.test_rejects_incomplete_unknown_duplicate_wrong_class_and_invalid_ranks) ... ok
test_rejects_mixed_hero_trees_and_double_choices_even_with_equal_point_totals (tests.app_wcl_talents_test.WclTalentReconstructionTest.test_rejects_mixed_hero_trees_and_double_choices_even_with_equal_point_totals) ... ok
test_rejects_wrong_spec_and_unsupported_level (tests.app_wcl_talents_test.WclTalentReconstructionTest.test_rejects_wrong_spec_and_unsupported_level) ... ok
test_v5_compiles_override_binds_proof_and_keeps_legacy_hashes (tests.app_simulation_talent_editor_test.TalentCompilerTest.test_v5_compiles_override_binds_proof_and_keeps_legacy_hashes) ... ok
test_broken_parent_is_rejected_even_with_balanced_points (tests.app_simulation_talent_editor_test.TalentEditorTest.test_broken_parent_is_rejected_even_with_balanced_points) ... ok
test_choice_edit_preserves_every_other_node_and_source (tests.app_simulation_talent_editor_test.TalentEditorTest.test_choice_edit_preserves_every_other_node_and_source) ... ok
test_current_official_profiles_and_cross_node_move (tests.app_simulation_talent_editor_test.TalentEditorTest.test_current_official_profiles_and_cross_node_move) ... ok
test_decode_matches_independent_recorded_entries (tests.app_simulation_talent_editor_test.TalentEditorTest.test_decode_matches_independent_recorded_entries) ... ok
test_item_variant_inherits_only_verified_upgrade_bonus (tests.app_simulation_talent_editor_test.TalentEditorTest.test_item_variant_inherits_only_verified_upgrade_bonus) ... ok
test_rejects_invalid_rank_foreign_entry_duplicate_and_injection (tests.app_simulation_talent_editor_test.TalentEditorTest.test_rejects_invalid_rank_foreign_entry_duplicate_and_injection) ... ok
test_tiered_node_uses_total_rank_with_engine_entry_order (tests.app_simulation_talent_editor_test.TalentEditorTest.test_tiered_node_uses_total_rank_with_engine_entry_order) ... ok
test_wrong_runtime_spec_and_truncated_export_fail_closed (tests.app_simulation_talent_editor_test.TalentEditorTest.test_wrong_runtime_spec_and_truncated_export_fail_closed) ... ok
test_accepts_report_matching_effective_equipment_and_talents (tests.app_simulation_effective_config_test.EffectiveConfigTest.test_accepts_report_matching_effective_equipment_and_talents) ... ok
test_changed_enchant_cannot_pass_without_engine_gear_evidence (tests.app_simulation_effective_config_test.EffectiveConfigTest.test_changed_enchant_cannot_pass_without_engine_gear_evidence) ... ok
test_engine_enchant_identity_is_bound_to_actor_slot_and_requested_change (tests.app_simulation_effective_config_test.EffectiveConfigTest.test_engine_enchant_identity_is_bound_to_actor_slot_and_requested_change) ... ok
test_explicit_enchant_removal_is_checked_when_raw_report_is_available (tests.app_simulation_effective_config_test.EffectiveConfigTest.test_explicit_enchant_removal_is_checked_when_raw_report_is_available) ... ok
test_food_identity_requires_matching_engine_actor_evidence (tests.app_simulation_effective_config_test.EffectiveConfigTest.test_food_identity_requires_matching_engine_actor_evidence) ... ok
test_rejects_wrong_item_level_missing_gear_or_talents (tests.app_simulation_effective_config_test.EffectiveConfigTest.test_rejects_wrong_item_level_missing_gear_or_talents) ... ok
test_extracts_bounded_actual_actions_without_raw_fields (tests.app_simulation_action_lists_test.ActionEvidenceTest.test_extracts_bounded_actual_actions_without_raw_fields) ... ok
test_missing_actual_actions_fail_closed (tests.app_simulation_action_lists_test.ActionEvidenceTest.test_missing_actual_actions_fail_closed) ... ok
test_old_compiler_cannot_silently_ignore_custom_list (tests.app_simulation_action_lists_test.ActionListsTest.test_old_compiler_cannot_silently_ignore_custom_list) ... ok
test_rejects_injection_missing_default_oversize_and_dangling_lists (tests.app_simulation_action_lists_test.ActionListsTest.test_rejects_injection_missing_default_oversize_and_dangling_lists) ... ok
test_replacement_is_atomic_and_omission_preserves_lists (tests.app_simulation_action_lists_test.ActionListsTest.test_replacement_is_atomic_and_omission_preserves_lists) ... ok
test_two_orders_compile_distinct_profiles_without_changing_character (tests.app_simulation_action_lists_test.ActionListsTest.test_two_orders_compile_distinct_profiles_without_changing_character) ... ok
test_generated_or_preview_profile_can_never_be_ready (tests.app_simulation_readiness_test.SimulationReadinessTest.test_generated_or_preview_profile_can_never_be_ready) ... ok
test_missing_character_level_is_incomplete (tests.app_simulation_readiness_test.SimulationReadinessTest.test_missing_character_level_is_incomplete) ... ok
test_missing_offhand_without_source_evidence_is_incomplete (tests.app_simulation_readiness_test.SimulationReadinessTest.test_missing_offhand_without_source_evidence_is_incomplete) ... ok
test_missing_required_gear_and_runtime_support_is_incomplete (tests.app_simulation_readiness_test.SimulationReadinessTest.test_missing_required_gear_and_runtime_support_is_incomplete) ... ok
test_real_source_with_required_semantics_is_ready (tests.app_simulation_readiness_test.SimulationReadinessTest.test_real_source_with_required_semantics_is_ready) ... ok
test_source_observed_unequipped_offhand_is_ready (tests.app_simulation_readiness_test.SimulationReadinessTest.test_source_observed_unequipped_offhand_is_ready) ... ok
test_talent_loadout_without_explicit_rank_is_incomplete (tests.app_simulation_readiness_test.SimulationReadinessTest.test_talent_loadout_without_explicit_rank_is_incomplete) ... ok
test_unpublishable_source_revision_can_never_be_ready (tests.app_simulation_readiness_test.SimulationReadinessTest.test_unpublishable_source_revision_can_never_be_ready) ... ok
test_bounded_stat_experiment_reuses_engine_bonus_options (tests.app_simulation_compiler_test.SimulationCompilerTest.test_bounded_stat_experiment_reuses_engine_bonus_options) ... ok
test_compiler_normalizes_a_display_realm_name_for_simc (tests.app_simulation_compiler_test.SimulationCompilerTest.test_compiler_normalizes_a_display_realm_name_for_simc) ... ok
test_compiler_omits_an_unequipped_offhand_from_a_ready_snapshot (tests.app_simulation_compiler_test.SimulationCompilerTest.test_compiler_omits_an_unequipped_offhand_from_a_ready_snapshot) ... ok
test_compiler_outputs_bounded_profile_with_hash_and_provenance (tests.app_simulation_compiler_test.SimulationCompilerTest.test_compiler_outputs_bounded_profile_with_hash_and_provenance) ... ok
test_compiler_rejects_a_partial_talent_loadout_instead_of_guessing_rank (tests.app_simulation_compiler_test.SimulationCompilerTest.test_compiler_rejects_a_partial_talent_loadout_instead_of_guessing_rank) ... ok
test_compiler_rejects_a_ready_snapshot_without_source_level (tests.app_simulation_compiler_test.SimulationCompilerTest.test_compiler_rejects_a_ready_snapshot_without_source_level) ... ok
test_compiler_rejects_a_ready_snapshot_without_source_race (tests.app_simulation_compiler_test.SimulationCompilerTest.test_compiler_rejects_a_ready_snapshot_without_source_race) ... ok
test_compiler_rejects_generated_profile_even_if_readiness_is_forged (tests.app_simulation_compiler_test.SimulationCompilerTest.test_compiler_rejects_generated_profile_even_if_readiness_is_forged) ... ok
test_compiler_rejects_non_ready_snapshot_and_unsafe_scenario (tests.app_simulation_compiler_test.SimulationCompilerTest.test_compiler_rejects_non_ready_snapshot_and_unsafe_scenario) ... ok
test_equipment_override_compiles_exact_item_without_mutating_source (tests.app_simulation_compiler_test.SimulationCompilerTest.test_equipment_override_compiles_exact_item_without_mutating_source) ... ok
test_equipment_overrides_reject_incomplete_or_injected_items_and_old_compiler (tests.app_simulation_compiler_test.SimulationCompilerTest.test_equipment_overrides_reject_incomplete_or_injected_items_and_old_compiler) ... ok
test_fixed_duration_and_gems_compile_without_mutating_snapshot (tests.app_simulation_compiler_test.SimulationCompilerTest.test_fixed_duration_and_gems_compile_without_mutating_snapshot) ... ok
test_food_override_is_bounded_and_changes_only_requested_profile (tests.app_simulation_compiler_test.SimulationCompilerTest.test_food_override_is_bounded_and_changes_only_requested_profile) ... ok
test_gem_overrides_cannot_add_or_remove_sockets_or_target_unequipped_slots (tests.app_simulation_compiler_test.SimulationCompilerTest.test_gem_overrides_cannot_add_or_remove_sockets_or_target_unequipped_slots) ... ok
test_legacy_scenario_and_profile_hashes_are_unchanged (tests.app_simulation_compiler_test.SimulationCompilerTest.test_legacy_scenario_and_profile_hashes_are_unchanged) ... ok
test_new_scenario_fields_are_strict_and_bounded (tests.app_simulation_compiler_test.SimulationCompilerTest.test_new_scenario_fields_are_strict_and_bounded) ... ok
test_new_scenario_fields_require_compiler_v2 (tests.app_simulation_compiler_test.SimulationCompilerTest.test_new_scenario_fields_require_compiler_v2) ... ok
test_reconstructed_talents_reject_different_or_unknown_runtime_catalog (tests.app_simulation_compiler_test.SimulationCompilerTest.test_reconstructed_talents_reject_different_or_unknown_runtime_catalog) ... ok
test_exhaustion_closes_unfinished_attempt_and_job_in_one_guarded_transaction (tests.app_simulation_worker_test.SimulationRepositoryAtomicityTest.test_exhaustion_closes_unfinished_attempt_and_job_in_one_guarded_transaction) ... ok
test_lost_queue_lease_prevents_domain_attempt_creation (tests.app_simulation_worker_test.SimulationRepositoryAtomicityTest.test_lost_queue_lease_prevents_domain_attempt_creation) ... ok
test_reclaimed_job_closes_abandoned_attempt_before_starting_the_next_one (tests.app_simulation_worker_test.SimulationRepositoryAtomicityTest.test_reclaimed_job_closes_abandoned_attempt_before_starting_the_next_one) ... ok
test_result_attempt_and_terminal_job_commit_share_one_guarded_transaction (tests.app_simulation_worker_test.SimulationRepositoryAtomicityTest.test_result_attempt_and_terminal_job_commit_share_one_guarded_transaction) ... ok
test_duplicate_queue_delivery_keeps_one_result_and_does_not_rerun_simc (tests.app_simulation_worker_test.SimulationWorkerTest.test_duplicate_queue_delivery_keeps_one_result_and_does_not_rerun_simc) ... ok
test_exit_zero_placeholder_actor_fails_without_result_publication (tests.app_simulation_worker_test.SimulationWorkerTest.test_exit_zero_placeholder_actor_fails_without_result_publication) ... ok
test_exit_zero_without_metric_fails_without_result_publication (tests.app_simulation_worker_test.SimulationWorkerTest.test_exit_zero_without_metric_fails_without_result_publication) ... ok
test_expired_final_attempt_is_terminalized_without_a_fourth_simc_run (tests.app_simulation_worker_test.SimulationWorkerTest.test_expired_final_attempt_is_terminalized_without_a_fourth_simc_run) ... ok
test_lost_lease_before_result_commit_is_retryable_and_publishes_nothing (tests.app_simulation_worker_test.SimulationWorkerTest.test_lost_lease_before_result_commit_is_retryable_and_publishes_nothing) ... ok
test_only_semantic_metric_publishes_succeeded_result (tests.app_simulation_worker_test.SimulationWorkerTest.test_only_semantic_metric_publishes_succeeded_result) ... ok
test_queue_payload_identity_must_match_the_immutable_job (tests.app_simulation_worker_test.SimulationWorkerTest.test_queue_payload_identity_must_match_the_immutable_job) ... ok
test_structured_report_is_persisted_with_original_provenance (tests.app_simulation_worker_test.SimulationWorkerTest.test_structured_report_is_persisted_with_original_provenance) ... ok
test_v2_worker_replays_v1_job_without_relabelling_its_profile (tests.app_simulation_worker_test.SimulationWorkerTest.test_v2_worker_replays_v1_job_without_relabelling_its_profile) ... ok
test_v3_worker_replays_v1_and_v2_jobs_with_original_revision (tests.app_simulation_worker_test.SimulationWorkerTest.test_v3_worker_replays_v1_and_v2_jobs_with_original_revision) ... ok
test_v4_worker_replays_v1_v2_v3_jobs_with_original_revision (tests.app_simulation_worker_test.SimulationWorkerTest.test_v4_worker_replays_v1_v2_v3_jobs_with_original_revision) ... ok
test_claim_uses_skip_locked_and_returns_typed_envelope (tests.app_worker_lease_test.AppWorkerLeaseTest.test_claim_uses_skip_locked_and_returns_typed_envelope) ... ok
test_queue_exposes_no_queue_only_cancellation_mutation (tests.app_worker_lease_test.AppWorkerLeaseTest.test_queue_exposes_no_queue_only_cancellation_mutation) ... ok
test_retryable_failure_is_bound_to_the_lease_owner (tests.app_worker_lease_test.AppWorkerLeaseTest.test_retryable_failure_is_bound_to_the_lease_owner) ... ok
test_terminal_update_requires_the_current_lease_owner (tests.app_worker_lease_test.AppWorkerLeaseTest.test_terminal_update_requires_the_current_lease_owner) ... ok
test_handler_registry_rejects_duplicate_and_reports_unknown_keys (tests.app_worker_runtime_test.AppWorkerRuntimeTest.test_handler_registry_rejects_duplicate_and_reports_unknown_keys) ... ok
test_idle_once_returns_false_without_sleeping (tests.app_worker_runtime_test.AppWorkerRuntimeTest.test_idle_once_returns_false_without_sleeping) ... ok
test_long_handler_renews_its_lease_until_domain_commit_finishes (tests.app_worker_runtime_test.AppWorkerRuntimeTest.test_long_handler_renews_its_lease_until_domain_commit_finishes) ... ok
test_lost_heartbeat_never_acknowledges_the_stale_lease (tests.app_worker_runtime_test.AppWorkerRuntimeTest.test_lost_heartbeat_never_acknowledges_the_stale_lease) ... v2 worker lost or could not renew its lease
ok
test_queue_access_failure_does_not_publish_a_fresh_service_heartbeat (tests.app_worker_runtime_test.AppWorkerRuntimeTest.test_queue_access_failure_does_not_publish_a_fresh_service_heartbeat) ... ok
test_registered_handler_marks_the_lease_succeeded (tests.app_worker_runtime_test.AppWorkerRuntimeTest.test_registered_handler_marks_the_lease_succeeded) ... ok
test_unknown_handler_is_terminal_and_not_retried (tests.app_worker_runtime_test.AppWorkerRuntimeTest.test_unknown_handler_is_terminal_and_not_retried) ... ok
test_actor_summary_metric_and_error_are_not_replaced_by_pet_or_secondary_healing (tests.app_simc_result_semantics_test.SimcResultSemanticsTest.test_actor_summary_metric_and_error_are_not_replaced_by_pet_or_secondary_healing) ... ok
test_fatal_diagnostic_rejects_an_otherwise_valid_metric (tests.app_simc_result_semantics_test.SimcResultSemanticsTest.test_fatal_diagnostic_rejects_an_otherwise_valid_metric) ... ok
test_healing_summary_and_zero_reported_error_are_preserved (tests.app_simc_result_semantics_test.SimcResultSemanticsTest.test_healing_summary_and_zero_reported_error_are_preserved) ... ok
test_metric_without_one_valid_actor_is_rejected (tests.app_simc_result_semantics_test.SimcResultSemanticsTest.test_metric_without_one_valid_actor_is_rejected) ... ok
test_non_finite_or_non_positive_metric_is_rejected (tests.app_simc_result_semantics_test.SimcResultSemanticsTest.test_non_finite_or_non_positive_metric_is_rejected) ... ok
test_pet_only_or_metric_before_actor_is_not_a_player_result (tests.app_simc_result_semantics_test.SimcResultSemanticsTest.test_pet_only_or_metric_before_actor_is_not_a_player_result) ... ok
test_unavailable_or_invalid_error_is_not_fabricated (tests.app_simc_result_semantics_test.SimcResultSemanticsTest.test_unavailable_or_invalid_error_is_not_fabricated) ... ok
test_formal_simc_routes_are_registered (tests.app_simc_api_test.FormalSimcApiTest.test_formal_simc_routes_are_registered) ... ok
test_job_creation_uses_the_shared_bounded_idempotency_contract (tests.app_simc_api_test.FormalSimcApiTest.test_job_creation_uses_the_shared_bounded_idempotency_contract) ... ok
test_snapshot_response_is_bounded_and_never_exposes_raw_source_or_owner (tests.app_simc_api_test.FormalSimcApiTest.test_snapshot_response_is_bounded_and_never_exposes_raw_source_or_owner) ... ok
test_web_mutation_requires_origin_and_csrf (tests.app_simc_api_test.FormalSimcApiTest.test_web_mutation_requires_origin_and_csrf) ... /opt/chickenbro-runtime/lib/python3.12/site-packages/starlette/testclient.py:455: DeprecationWarning: Setting per-request cookies=<...> is being deprecated, because the expected behaviour on cookie persistence is ambiguous. Set cookies directly on the client instance instead.
  return super().request(
/opt/chickenbro-runtime/lib/python3.12/site-packages/starlette/testclient.py:455: DeprecationWarning: Setting per-request cookies=<...> is being deprecated, because the expected behaviour on cookie persistence is ambiguous. Set cookies directly on the client instance instead.
  return super().request(
ok
test_job_created_by_web_is_visible_to_browser_same_user (tests.app_simc_cross_client_test.FormalSimcCrossClientTest.test_job_created_by_web_is_visible_to_browser_same_user) ... /opt/chickenbro-runtime/lib/python3.12/site-packages/starlette/testclient.py:455: DeprecationWarning: Setting per-request cookies=<...> is being deprecated, because the expected behaviour on cookie persistence is ambiguous. Set cookies directly on the client instance instead.
  return super().request(
ok
test_job_detail_is_bounded_and_hides_queue_worker_and_owner_fields (tests.app_simc_cross_client_test.FormalSimcCrossClientTest.test_job_detail_is_bounded_and_hides_queue_worker_and_owner_fields) ... /opt/chickenbro-runtime/lib/python3.12/site-packages/starlette/testclient.py:455: DeprecationWarning: Setting per-request cookies=<...> is being deprecated, because the expected behaviour on cookie persistence is ambiguous. Set cookies directly on the client instance instead.
  return super().request(
ok
test_other_user_cannot_read_snapshot_job_or_enumerate_history (tests.app_simc_cross_client_test.FormalSimcCrossClientTest.test_other_user_cannot_read_snapshot_job_or_enumerate_history) ... ok
test_application_disconnect_persists_and_keeps_account_idempotency (tests.app_chat_delivery_test.DeliveryTest.test_application_disconnect_persists_and_keeps_account_idempotency) ... chat_subscription_closed run_id=585c09ce-90d2-44e6-a945-1cb61cfe1645 reason=connection_closed generation_continues=True
ok
test_capacity_rejects_before_consuming_input (tests.app_chat_delivery_test.DeliveryTest.test_capacity_rejects_before_consuming_input) ... ok
test_disconnect_does_not_cancel_producer (tests.app_chat_delivery_test.DeliveryTest.test_disconnect_does_not_cancel_producer) ... chat_subscription_closed run_id= reason=connection_closed generation_continues=True
ok
test_disconnect_preserves_real_failure (tests.app_chat_delivery_test.DeliveryTest.test_disconnect_preserves_real_failure) ... chat_subscription_closed run_id=0381c695-ab34-4a1b-9274-14147743f562 reason=connection_closed generation_continues=True
chat_run_failed run_id=0381c695-ab34-4a1b-9274-14147743f562 reason=CODEX_TIMEOUT
ok
test_durable_failed_terminal_uses_the_same_retryability_contract_as_direct_delivery (tests.app_chat_delivery_test.DeliveryTest.test_durable_failed_terminal_uses_the_same_retryability_contract_as_direct_delivery) ... ok
test_http_disconnect_keeps_generation_and_history (tests.app_chat_delivery_test.DeliveryTest.test_http_disconnect_keeps_generation_and_history) ... ok
test_slow_subscriber_does_not_block_producer (tests.app_chat_delivery_test.DeliveryTest.test_slow_subscriber_does_not_block_producer) ... chat_subscription_closed run_id= reason=slow_subscriber generation_continues=True
ok
test_validation_failure_releases_capacity (tests.app_chat_delivery_test.DeliveryTest.test_validation_failure_releases_capacity) ... ok
test_empty_page_preserves_character_without_claiming_nonexistence (tests.app_character_discovery_test.CharacterDiscoveryTest.test_empty_page_preserves_character_without_claiming_nonexistence) ... ok
test_invalid_inputs_do_not_query (tests.app_character_discovery_test.CharacterDiscoveryTest.test_invalid_inputs_do_not_query) ... ok
test_mcp_call_returns_discovered_reports_through_gateway (tests.app_character_discovery_test.CharacterDiscoveryTest.test_mcp_call_returns_discovered_reports_through_gateway) ... ok
test_name_to_report_preserves_identity_and_pagination (tests.app_character_discovery_test.CharacterDiscoveryTest.test_name_to_report_preserves_identity_and_pagination) ... ok
test_unknown_hidden_wrong_identity_and_upstream_failure (tests.app_character_discovery_test.CharacterDiscoveryTest.test_unknown_hidden_wrong_identity_and_upstream_failure) ... ok
test_wrong_server_is_rejected (tests.app_character_discovery_test.CharacterDiscoveryTest.test_wrong_server_is_rejected) ... ok
test_oversized_ranking_refused_before_network (tests.app_wcl_rankings_test.RankingLimitTest.test_oversized_ranking_refused_before_network) ... ok
test_anonymous_opaque_rank_is_retained_but_not_analyzable (tests.app_wcl_rankings_test.RankingsTests.test_anonymous_opaque_rank_is_retained_but_not_analyzable) ... ok
test_anonymous_server_presence_matches_official_omission_shape (tests.app_wcl_rankings_test.RankingsTests.test_anonymous_server_presence_matches_official_omission_shape) ... ok
test_anonymous_validation_is_strict_and_never_fills_skipped_rank (tests.app_wcl_rankings_test.RankingsTests.test_anonymous_validation_is_strict_and_never_fills_skipped_rank) ... ok
test_catalog_preserves_partition_and_difficulty (tests.app_wcl_rankings_test.RankingsTests.test_catalog_preserves_partition_and_difficulty) ... ok
test_explicit_zone_and_encounter_are_cross_checked (tests.app_wcl_rankings_test.RankingsTests.test_explicit_zone_and_encounter_are_cross_checked) ... ok
test_full_page_counts_anonymous_without_replacement_or_extra_fetch (tests.app_wcl_rankings_test.RankingsTests.test_full_page_counts_anonymous_without_replacement_or_extra_fetch) ... ok
test_invalid_inputs_rejected_before_network (tests.app_wcl_rankings_test.RankingsTests.test_invalid_inputs_rejected_before_network) ... ok
test_malformed_nested_rows_preserve_valid_rows_and_ordinals (tests.app_wcl_rankings_test.RankingsTests.test_malformed_nested_rows_preserve_valid_rows_and_ordinals) ... ok
test_ranking_capability_revoke_blocks_before_api (tests.app_wcl_rankings_test.RankingsTests.test_ranking_capability_revoke_blocks_before_api) ... ok
test_rankings_preserve_explicit_scope_and_pagination (tests.app_wcl_rankings_test.RankingsTests.test_rankings_preserve_explicit_scope_and_pagination) ... ok
test_rpc_dispatch (tests.app_wcl_rankings_test.RankingsTests.test_rpc_dispatch) ... ok
test_upstream_failure_not_empty_success (tests.app_wcl_rankings_test.RankingsTests.test_upstream_failure_not_empty_success) ... ok
test_wrong_class_or_malformed_row_is_partial_not_re_ranked (tests.app_wcl_rankings_test.RankingsTests.test_wrong_class_or_malformed_row_is_partial_not_re_ranked) ... ok
test_incomplete_or_failed_new_trial_rejected (tests.badcase_workflow_test.FinalContinuationTests.test_incomplete_or_failed_new_trial_rejected) ... ok
test_preserves_historical_failure_and_accepts_complete_final_snapshot (tests.badcase_workflow_test.FinalContinuationTests.test_preserves_historical_failure_and_accepts_complete_final_snapshot) ... ok
test_raw_mutation_and_history_criteria_rewrite_rejected (tests.badcase_workflow_test.FinalContinuationTests.test_raw_mutation_and_history_criteria_rewrite_rejected) ... ok
test_wrong_binding_duplicate_run_budget_capture_rejected (tests.badcase_workflow_test.FinalContinuationTests.test_wrong_binding_duplicate_run_budget_capture_rejected) ... ok
test_approval_report_version_bound_and_no_empty_batch (tests.badcase_workflow_test.WorkflowTests.test_approval_report_version_bound_and_no_empty_batch) ... ok
test_expired_evidence_and_live_wrong_identity_rejected (tests.badcase_workflow_test.WorkflowTests.test_expired_evidence_and_live_wrong_identity_rejected) ... ok
test_explicit_model_failure_exclusion_preserves_failed_trial_and_denominator (tests.badcase_workflow_test.WorkflowTests.test_explicit_model_failure_exclusion_preserves_failed_trial_and_denominator) ... ok
test_failed_and_publishing_batches_do_not_consume_report (tests.badcase_workflow_test.WorkflowTests.test_failed_and_publishing_batches_do_not_consume_report) ... ok
test_failed_source_cannot_retry_by_refreezing_new_timestamp (tests.badcase_workflow_test.WorkflowTests.test_failed_source_cannot_retry_by_refreezing_new_timestamp) ... ok
test_failure_does_not_advance_cursor_and_retry_recovers_written_packets (tests.badcase_workflow_test.WorkflowTests.test_failure_does_not_advance_cursor_and_retry_recovers_written_packets) ... ok
test_fixed_executor_uses_json_stdin_and_refuses_drift (tests.badcase_workflow_test.WorkflowTests.test_fixed_executor_uses_json_stdin_and_refuses_drift) ... ok
test_freeze_rejects_missing_tampered_stale_wrong_sha_or_unsafe_evidence (tests.badcase_workflow_test.WorkflowTests.test_freeze_rejects_missing_tampered_stale_wrong_sha_or_unsafe_evidence) ... ok
test_generalization_gate_rejects_missing_kind (tests.badcase_workflow_test.WorkflowTests.test_generalization_gate_rejects_missing_kind) ... ok
test_generalization_rejects_duplicate_execution_or_receipt_across_all_samples (tests.badcase_workflow_test.WorkflowTests.test_generalization_rejects_duplicate_execution_or_receipt_across_all_samples) ... ok
test_generalization_rejects_truthfully_reported_regression_and_reused_holdout (tests.badcase_workflow_test.WorkflowTests.test_generalization_rejects_truthfully_reported_regression_and_reused_holdout) ... ok
test_generalization_rejects_unregistered_specialized_or_regressing_samples (tests.badcase_workflow_test.WorkflowTests.test_generalization_rejects_unregistered_specialized_or_regressing_samples) ... ok
test_lock_and_private_modes_and_symlink_rejection (tests.badcase_workflow_test.WorkflowTests.test_lock_and_private_modes_and_symlink_rejection) ... ok
test_missing_check_unapproved_group_and_tampered_frozen_batch_rejected (tests.badcase_workflow_test.WorkflowTests.test_missing_check_unapproved_group_and_tampered_frozen_batch_rejected) ... ok
test_missing_or_corrupt_released_batch_fails_closed_in_all_entrypoints (tests.badcase_workflow_test.WorkflowTests.test_missing_or_corrupt_released_batch_fails_closed_in_all_entrypoints) ... ok
test_mixed_released_and_new_groups_rejected (tests.badcase_workflow_test.WorkflowTests.test_mixed_released_and_new_groups_rejected) ... ok
test_new_report_requires_new_approval_and_is_not_consumed_by_previous_release (tests.badcase_workflow_test.WorkflowTests.test_new_report_requires_new_approval_and_is_not_consumed_by_previous_release) ... ok
test_periodic_reconciliation_recovers_late_commits_and_pages_past_duplicates (tests.badcase_workflow_test.WorkflowTests.test_periodic_reconciliation_recovers_late_commits_and_pages_past_duplicates) ... ok
test_prefrozen_duplicate_report_is_ineligible_and_never_calls_executor (tests.badcase_workflow_test.WorkflowTests.test_prefrozen_duplicate_report_is_ineligible_and_never_calls_executor) ... ok
test_query_readonly_owner_scoped_context_cutoff (tests.badcase_workflow_test.WorkflowTests.test_query_readonly_owner_scoped_context_cutoff) ... ok
test_release_does_not_hold_state_lock_during_executor (tests.badcase_workflow_test.WorkflowTests.test_release_does_not_hold_state_lock_during_executor) ... ok
test_release_finalization_waits_for_brief_state_writer (tests.badcase_workflow_test.WorkflowTests.test_release_finalization_waits_for_brief_state_writer) ... ok
test_release_requires_live_evidence_no_blind_retry_and_baseline_drift (tests.badcase_workflow_test.WorkflowTests.test_release_requires_live_evidence_no_blind_retry_and_baseline_drift) ... ok
test_release_success_is_noop_on_repeat_and_batch_immutable (tests.badcase_workflow_test.WorkflowTests.test_release_success_is_noop_on_repeat_and_batch_immutable) ... ok
test_released_report_cannot_refreeze_with_new_timestamp_and_status_preserves_approval (tests.badcase_workflow_test.WorkflowTests.test_released_report_cannot_refreeze_with_new_timestamp_and_status_preserves_approval) ... ok
test_retention_preserves_dedup_and_redacted_report (tests.badcase_workflow_test.WorkflowTests.test_retention_preserves_dedup_and_redacted_report) ... ok
test_rollback_identity_required_and_preexisting_live_proof_rejected (tests.badcase_workflow_test.WorkflowTests.test_rollback_identity_required_and_preexisting_live_proof_rejected) ... ok
test_scan_deduplicates_equal_timestamp_pages_and_retains_exact_pair (tests.badcase_workflow_test.WorkflowTests.test_scan_deduplicates_equal_timestamp_pages_and_retains_exact_pair) ... ok
test_scan_preserves_approval_changes_and_reconciliation_failure_retries_same_page (tests.badcase_workflow_test.WorkflowTests.test_scan_preserves_approval_changes_and_reconciliation_failure_retries_same_page) ... ok
test_scan_rejects_invalid_order_oversize_and_untrusted_fields (tests.badcase_workflow_test.WorkflowTests.test_scan_rejects_invalid_order_oversize_and_untrusted_fields) ... ok
test_slow_scan_allows_release_and_merges_its_terminal_state (tests.badcase_workflow_test.WorkflowTests.test_slow_scan_allows_release_and_merges_its_terminal_state) ... ok
test_state_lock_wait_is_bounded (tests.badcase_workflow_test.WorkflowTests.test_state_lock_wait_is_bounded) ... ok
test_status_lists_frozen_ready_and_revoked_batches (tests.badcase_workflow_test.WorkflowTests.test_status_lists_frozen_ready_and_revoked_batches) ... ok
test_activation_stop_order_and_verify (tests.badcase_deploy_test.ReleaseTest.test_activation_stop_order_and_verify) ... ok
test_active_queries_include_durable_execution_pending (tests.badcase_deploy_test.ReleaseTest.test_active_queries_include_durable_execution_pending) ... ok
test_busy_recovery_never_stops_or_switches_again (tests.badcase_deploy_test.ReleaseTest.test_busy_recovery_never_stops_or_switches_again) ... ok
test_corrupt_target_does_not_prevent_base_recovery (tests.badcase_deploy_test.ReleaseTest.test_corrupt_target_does_not_prevent_base_recovery) ... ok
test_environment_hash_preserves_non_app_config (tests.badcase_deploy_test.ReleaseTest.test_environment_hash_preserves_non_app_config) ... ok
test_existing_staged_target_tamper_is_rejected (tests.badcase_deploy_test.ReleaseTest.test_existing_staged_target_tamper_is_rejected) ... ok
test_external_rollback_uses_snapshot_for_crashed_service (tests.badcase_deploy_test.ReleaseTest.test_external_rollback_uses_snapshot_for_crashed_service) ... ok
test_idle_wait_releases_transaction_and_times_out_without_stop (tests.badcase_deploy_test.ReleaseTest.test_idle_wait_releases_transaction_and_times_out_without_stop) ... ok
test_inventory_rejects_symlinks_even_inside_cache (tests.badcase_deploy_test.ReleaseTest.test_inventory_rejects_symlinks_even_inside_cache) ... ok
test_manifest_rejects_unauthorized_files (tests.badcase_deploy_test.ReleaseTest.test_manifest_rejects_unauthorized_files) ... ok
test_passwordless_dsn_uses_captured_passfile_without_global_env_change (tests.badcase_deploy_test.ReleaseTest.test_passwordless_dsn_uses_captured_passfile_without_global_env_change) ... ok
test_preflight_really_connects_and_failure_never_stops_services (tests.badcase_deploy_test.ReleaseTest.test_preflight_really_connects_and_failure_never_stops_services) ... ok
test_readiness_failure_triggers_fenced_base_recovery (tests.badcase_deploy_test.ReleaseTest.test_readiness_failure_triggers_fenced_base_recovery) ... ok
test_scoped_rejects_traversal_and_symlinks (tests.badcase_deploy_test.ReleaseTest.test_scoped_rejects_traversal_and_symlinks) ... ok
test_service_commands_have_bounded_timeout (tests.badcase_deploy_test.ReleaseTest.test_service_commands_have_bounded_timeout) ... ok
test_service_timeout_recovers_base_and_retains_snapshot (tests.badcase_deploy_test.ReleaseTest.test_service_timeout_recovers_base_and_retains_snapshot) ... ok
test_snapshot_rejects_environment_tampering (tests.badcase_deploy_test.ReleaseTest.test_snapshot_rejects_environment_tampering) ... ok
test_snapshot_rejects_hash_identity_drift_without_overwrite (tests.badcase_deploy_test.ReleaseTest.test_snapshot_rejects_hash_identity_drift_without_overwrite) ... ok
test_snapshot_rejects_symlink_and_private_metadata_errors (tests.badcase_deploy_test.ReleaseTest.test_snapshot_rejects_symlink_and_private_metadata_errors) ... ok
test_stage_exact_copy_and_web_unchanged (tests.badcase_deploy_test.ReleaseTest.test_stage_exact_copy_and_web_unchanged) ... ok
test_stage_rejects_hash_drift_and_unlisted_payload (tests.badcase_deploy_test.ReleaseTest.test_stage_rejects_hash_drift_and_unlisted_payload) ... ok
test_web_and_pointer_drift_block_activation_before_stop (tests.badcase_deploy_test.ReleaseTest.test_web_and_pointer_drift_block_activation_before_stop) ... ok
test_worker_listener_failure_never_starts_api (tests.badcase_deploy_test.ReleaseTest.test_worker_listener_failure_never_starts_api) ... ok
test_all_nine_boss_rank_coverage_and_casts_pass (tests.badcase_executor_test.ExecutorTest.test_all_nine_boss_rank_coverage_and_casts_pass) ... ok
test_anonymous_rank_counts_coverage_but_never_matched_casts (tests.badcase_executor_test.ExecutorTest.test_anonymous_rank_counts_coverage_but_never_matched_casts) ... ok
test_anonymous_rows_cannot_satisfy_boss_analysis_even_with_casts (tests.badcase_executor_test.ExecutorTest.test_anonymous_rows_cannot_satisfy_boss_analysis_even_with_casts) ... ok
test_bootstrap_rejects_tamper_and_executes_read_bytes_after_disk_change (tests.badcase_executor_test.ExecutorTest.test_bootstrap_rejects_tamper_and_executes_read_bytes_after_disk_change) ... ok
test_budget_reserves_three_hundred_seconds (tests.badcase_executor_test.ExecutorTest.test_budget_reserves_three_hundred_seconds) ... ok
test_complete_repeated_snapshot_drift_is_allowed_and_disclosed (tests.badcase_executor_test.ExecutorTest.test_complete_repeated_snapshot_drift_is_allowed_and_disclosed) ... ok
test_deadline_passes_through_real_helper_ready_and_promote (tests.badcase_executor_test.ExecutorTest.test_deadline_passes_through_real_helper_ready_and_promote) ... ok
test_incomplete_packets_cannot_be_combined_into_full_coverage (tests.badcase_executor_test.ExecutorTest.test_incomplete_packets_cannot_be_combined_into_full_coverage) ... ok
test_live_semantic_failure_missing_case_stale_or_empty_review_blocks (tests.badcase_executor_test.ExecutorTest.test_live_semantic_failure_missing_case_stale_or_empty_review_blocks) ... ok
test_live_semantic_review_requires_exact_runtime_runs_and_answers (tests.badcase_executor_test.ExecutorTest.test_live_semantic_review_requires_exact_runtime_runs_and_answers) ... ok
test_local_private_output_enforces_mode_and_rejects_symlink (tests.badcase_executor_test.ExecutorTest.test_local_private_output_enforces_mode_and_rejects_symlink) ... ok
test_matching_partial_cannot_supply_evidence_for_unmatched_complete_snapshot (tests.badcase_executor_test.ExecutorTest.test_matching_partial_cannot_supply_evidence_for_unmatched_complete_snapshot) ... ok
test_missing_boss_or_rank_fails (tests.badcase_executor_test.ExecutorTest.test_missing_boss_or_rank_fails) ... ok
test_missing_live_semantic_review_is_bounded_failure (tests.badcase_executor_test.ExecutorTest.test_missing_live_semantic_review_is_bounded_failure) ... ok
test_over_deadline_business_answer_is_not_a_pass (tests.badcase_executor_test.ExecutorTest.test_over_deadline_business_answer_is_not_a_pass) ... ok
test_payload_pins_fail_closed_until_frozen (tests.badcase_executor_test.ExecutorTest.test_payload_pins_fail_closed_until_frozen) ... ok
test_ptr_or_wrong_scope_rejected (tests.badcase_executor_test.ExecutorTest.test_ptr_or_wrong_scope_rejected) ... ok
test_remote_requires_verified_bootstrap (tests.badcase_executor_test.ExecutorTest.test_remote_requires_verified_bootstrap) ... ok
test_safe_failure_records_cause_code_without_exception_secrets (tests.badcase_executor_test.ExecutorTest.test_safe_failure_records_cause_code_without_exception_secrets) ... ok
test_smoke_executes_verified_bytes_with_remaining_timeout (tests.badcase_executor_test.ExecutorTest.test_smoke_executes_verified_bytes_with_remaining_timeout) ... ok
test_source_allows_docs_followup_with_identical_server_tree (tests.badcase_executor_test.ExecutorTest.test_source_allows_docs_followup_with_identical_server_tree) ... ok
test_source_rejects_changed_server_tree (tests.badcase_executor_test.ExecutorTest.test_source_rejects_changed_server_tree) ... ok
test_ssh_timeout_retains_private_evidence_without_success (tests.badcase_executor_test.ExecutorTest.test_ssh_timeout_retains_private_evidence_without_success) ... ok
test_system_exit_after_promotion_runs_recovery (tests.badcase_executor_test.ExecutorTest.test_system_exit_after_promotion_runs_recovery) ... ok
test_verified_batch_members_count_even_when_other_member_partial (tests.badcase_executor_test.ExecutorTest.test_verified_batch_members_count_even_when_other_member_partial) ... ok
test_wrong_report_fight_actor_realm_or_empty_cast_fails (tests.badcase_executor_test.ExecutorTest.test_wrong_report_fight_actor_realm_or_empty_cast_fails) ... ok
test_actual_failure_is_preserved_and_not_marked_passed (tests.badcase_evidence_builder_test.BuilderTests.test_actual_failure_is_preserved_and_not_marked_passed) ... ok
test_alias_requires_proof_exact_identity_inventory_and_time_bracket (tests.badcase_evidence_builder_test.BuilderTests.test_alias_requires_proof_exact_identity_inventory_and_time_bracket) ... ok
test_consistent_per_trial_cost_and_retired_versions_cannot_be_relabelled (tests.badcase_evidence_builder_test.BuilderTests.test_consistent_per_trial_cost_and_retired_versions_cannot_be_relabelled) ... ok
test_existing_same_output_is_private_and_symlinks_rejected (tests.badcase_evidence_builder_test.BuilderTests.test_existing_same_output_is_private_and_symlinks_rejected) ... ok
test_failed_terminal_with_failed_completion_is_retained (tests.badcase_evidence_builder_test.BuilderTests.test_failed_terminal_with_failed_completion_is_retained) ... ok
test_measured_truthful_record_passes_gate_and_preserves_preregistration (tests.badcase_evidence_builder_test.BuilderTests.test_measured_truthful_record_passes_gate_and_preserves_preregistration) ... ok
test_missing_extra_or_malformed_verdict_refuses_output (tests.badcase_evidence_builder_test.BuilderTests.test_missing_extra_or_malformed_verdict_refuses_output) ... ok
test_missing_extra_wrong_source_hash_or_terminal_trial_rejected (tests.badcase_evidence_builder_test.BuilderTests.test_missing_extra_wrong_source_hash_or_terminal_trial_rejected) ... ok
test_no_mutation_of_inputs_and_private_atomic_output (tests.badcase_evidence_builder_test.BuilderTests.test_no_mutation_of_inputs_and_private_atomic_output) ... ok
test_verdict_is_bound_to_exact_original_trial_bytes (tests.badcase_evidence_builder_test.BuilderTests.test_verdict_is_bound_to_exact_original_trial_bytes) ... ok
test_verified_fixed_alias_retains_actual_runtime_and_raw_hash (tests.badcase_evidence_builder_test.BuilderTests.test_verified_fixed_alias_retains_actual_runtime_and_raw_hash) ... ok
test_batch_runs_independent_queries_concurrently_and_preserves_order (tests.app_wcl_run_reader_test.RunReaderTest.test_batch_runs_independent_queries_concurrently_and_preserves_order) ... ok
test_cache_bound_does_not_evict_or_reuse_uncached_large_results (tests.app_wcl_run_reader_test.RunReaderTest.test_cache_bound_does_not_evict_or_reuse_uncached_large_results) ... ok
test_concurrent_identical_queries_are_coalesced (tests.app_wcl_run_reader_test.RunReaderTest.test_concurrent_identical_queries_are_coalesced) ... ok
test_distinct_actor_is_not_given_another_actors_tables (tests.app_wcl_run_reader_test.RunReaderTest.test_distinct_actor_is_not_given_another_actors_tables) ... ok
test_exception_does_not_leave_an_inflight_request_poisoned (tests.app_wcl_run_reader_test.RunReaderTest.test_exception_does_not_leave_an_inflight_request_poisoned) ... ok
test_failed_queries_and_separate_runs_are_not_reused (tests.app_wcl_run_reader_test.RunReaderTest.test_failed_queries_and_separate_runs_are_not_reused) ... ok
test_followup_reuses_context_but_fetches_correct_new_events (tests.app_wcl_run_reader_test.RunReaderTest.test_followup_reuses_context_but_fetches_correct_new_events) ... ok
test_identical_queries_reuse_success_without_sharing_mutable_results (tests.app_wcl_run_reader_test.RunReaderTest.test_identical_queries_reuse_success_without_sharing_mutable_results) ... ok
test_research_budget_leaves_time_for_answer_without_new_network_calls (tests.app_wcl_run_reader_test.RunReaderTest.test_research_budget_leaves_time_for_answer_without_new_network_calls) ... ok
test_reuse_expires_and_query_window_is_part_of_identity (tests.app_wcl_run_reader_test.RunReaderTest.test_reuse_expires_and_query_window_is_part_of_identity) ... ok
test_all_non_healers_reach_compiler_with_real_simc_class_tokens (tests.app_simulation_specializations_test.SpecializationSupportTest.test_all_non_healers_reach_compiler_with_real_simc_class_tokens) ... ok
test_healers_have_specific_error_even_with_wildcard_or_explicit_allowance (tests.app_simulation_specializations_test.SpecializationSupportTest.test_healers_have_specific_error_even_with_wildcard_or_explicit_allowance) ... ok
test_healers_never_enqueue_and_feral_remains_owner_scoped_and_idempotent (tests.app_simulation_specializations_test.SpecializationSupportTest.test_healers_never_enqueue_and_feral_remains_owner_scoped_and_idempotent) ... ok
test_legacy_class_aliases_and_empty_config (tests.app_simulation_specializations_test.SpecializationSupportTest.test_legacy_class_aliases_and_empty_config) ... ok
test_unknown_and_disabled_specs_are_distinct_from_broken_engine (tests.app_simulation_specializations_test.SpecializationSupportTest.test_unknown_and_disabled_specs_are_distinct_from_broken_engine) ... ok

----------------------------------------------------------------------
Ran 802 tests in 36.802s

OK (skipped=1)
